,review,Total Star,Menu,Star_opt,Output
0,빠른배송 감사합니다,★★★★★,순살양념（보통맛）/1(추가메뉴(떡사리)),"
맛
★
5
양
★
5
배달
★
5
",4.6
1,시켜먹을때마다 후회 안해요,★★★★★,순살양념（보통맛）/1,"
맛
★
5
양
★
5
배달
★
5
",4.6
2,항상 맛있어요 ㅎㅎ,★★★★★,"순살양념（보통맛）/1,콜라 1.25L/1","
맛
★
5
양
★
5
배달
★
5
",4.81
3,오랜만에 먹었는데 여전히 맛있네용 ㅎㅎㅎ 치밥은 역시 지코바,★★★★★,순살양념（보통맛）/1,"
맛
★
5
양
★
5
배달
★
5
",4.59
4,잘먹었습니다 감사합니다,★★★★★,순살양념（보통맛）/1(추가메뉴(떡사리)),"
맛
★
5
양
★
5
배달
★
5
",5.0
5,항상 잘 먹고 있어요 감사합니다,★★★★★,"순살양념（보통맛）/2,사이다 1.25L/1","
맛
★
5
양
★
5
배달
★
5
",5.0
6,아주맛있습니다 추천,★★★★★,순살양념（보통맛）/1,"
맛
★
5
양
★
5
배달
★
5
",4.8
7,배달도 빨랐고 친절하셨어요,★★★★★,순살양념（매운맛）/1,"
맛
★
5
양
★
5
배달
★
5
",4.6
8,맛있게 잘 먹었습니다,★★★★★,순살양념（순한맛）/1,"
맛
★
5
양
★
5
배달
★
5
",4.8
9,예상배달시간이랑 비슷하게 도착했고 요청사항대로 젓가락 숫가락도 개씩 잘 챙겨주셨습니다 배부르고 너무 맛있게 잘먹었습니다 번창하세요,★★★★★,"순살양념（순한맛）/1,공기밥 추가/2","
맛
★
5
양
★
5
배달
★
5
",4.8
10,소금구이 맛있게 잘 먹었어요,★★★★★,순살소금구이치킨/1,"
맛
★
5
양
★
5
배달
★
5
",4.8
11,맛있었어요 또 시킬게요,★★★★★,순살양념（순한맛）/1(추가메뉴(떡사리)),"
맛
★
5
양
★
5
배달
★
5
",4.61
12,맛있게 잘 먹었습니다,★★★★★,순살양념（순한맛）/1,"
맛
★
5
양
★
5
배달
★
5
",4.8
13,배달 빨라 맛도 좋아 뭐가 빠지는게 없네요 잘먹었어요,★★★★★,순살양념（보통맛）/1,"
맛
★
5
양
★
5
배달
★
5
",5.0
14,살이 퍽퍽해진것 같긴하지만 떡이랑 밥 비벼먹는게 꿀맛 역시 지코바에요,★★★★★,순살양념（순한맛）/1,"
맛
★
5
양
★
5
배달
★
5
",5.0
15,넘넘 맛잇어여ㅎㅎㅎ,★★★★★,순살양념（보통맛）/1,"
맛
★
5
양
★
5
배달
★
5
",4.8
16,시켜먹을때마다 맛있어요,★★★★★,순살양념（보통맛）/1,"
맛
★
5
양
★
5
배달
★
5
",4.6
17,역시 치밥등 지코바,★★★★★,순살양념（보통맛）/1,"
맛
★
5
양
★
5
배달
★
5
",3.79
18,여기 깔끔하게 잘하네요 ㅋㅋㅋ,★★★★★,뼈 양념치킨（보통맛）/1,"
맛
★
5
양
★
5
배달
★
5
",4.6
19,너무 맛있어요,★★★★★,뼈 양념치킨（보통맛）/1,"
맛
★
5
양
★
5
배달
★
5
",5.0
20,맛있어요,★★★★★,"순살양념（보통맛）/1,공기밥 추가/2,음료 대 변경/1,배달 생맥주 1000cc/1","
맛
★
5
양
★
5
배달
★
5
",5.0
21,와이프랑 오랜만에 먹었는데 맛있습니다 바로 햇반하나 투입했는데 치밥은 독보적이네요,★★★★★,순살양념（보통맛）/1,"
맛
★
5
양
★
5
배달
★
0
",4.0
22,맛있게 잘 먹었습니다 ,★★★★★,순살양념（보통맛）/1,"
맛
★
5
양
★
5
배달
★
5
",4.8
23,맛있게 잘 먹었습니다 감사합니다,★★★★★,순살양념（보통맛）/1,"
맛
★
5
양
★
5
배달
★
5
",5.0
24,맛있게 잘 먹었습니다,★★★★★,순살양념（보통맛）/1,"
맛
★
5
양
★
5
배달
★
5
",4.8
25,맛있어서 자주 시켜먹어야겠네요,★★★★★,순살양념（보통맛）/1,"
맛
★
5
양
★
5
배달
★
5
",4.61
26,저녁으로 잘 먹었어요 밥까지 주시니까 너무 좋아요,★★★★★,순살양념（순한맛）/1,"
맛
★
5
양
★
5
배달
★
5
",5.0
27,굳,★★★★★,뼈 양념치킨（순한맛）/1(추가메뉴(떡사리)),"
맛
★
5
양
★
5
배달
★
5
",4.2
28,맛있어요 치밥으로 딱이에요,★★★★★,순살양념（보통맛）/1,"
맛
★
5
양
★
5
배달
★
5
",4.4
29,오늘두  맛있어요,★★★★★,순살양념（보통맛）/1,"
맛
★
5
양
★
5
배달
★
5
",4.6
30,비 많이오는데도 맛있게조리해서 보내주셔서 감사합니다 늘 만족스럽게 잘먹고있는 맛집이에요 번창하시길,★★★★★,뼈 양념치킨（보통맛）/1,"
맛
★
5
양
★
5
배달
★
5
",5.0
31,맛있어요 잘먹었습니다 배달빨랐어요,★★★★★,순살양념（보통맛）/1(추가메뉴(떡사리)),"
맛
★
5
양
★
5
배달
★
5
",5.0
32,간단하게 먹기 줗네요 잘 먹었습니다,★★★★★,순살양념（보통맛）/1(추가메뉴(떡사리)),"
맛
★
5
양
★
4
배달
★
5
",4.6
33,맛도 좋고 배달은 번개네요 엄청 빨라서 놀람 맛있게 잘먹었네요,★★★★★,순살양념（보통맛）/1,"
맛
★
5
양
★
5
배달
★
5
",5.0
34,제가 먹었던 지코바 중 제일 맛있습니다 소스도 넉넉해서 밥 비벼먹기도 좋아요  ㅜㅜ 떡도 가운데 구멍 뚫려있어서더 좋아요 행복한 저녁이었습니다 ㅠㅠ 배달도 빨라서 더 좋았어요 맛있게 잘 먹었습니당,★★★★★,순살양념（보통맛）/1,"
맛
★
5
양
★
5
배달
★
5
",5.0
35,너무 맛있어서 여기서만 먹습니다,★★★★★,순살양념（보통맛）/1,"
맛
★
5
양
★
5
배달
★
5
",4.79
36,다른 새로운 치킨들먹느라 오랜만에 지코바를 먹었는데 당분간은 지코바만 먹어야겠네요 적당히 매콤하고 좋았어요 떡도 많이주셔서 먹어도먹어도 계속 나오더라구요 잘먹었습니다,★★★★★,"뼈 양념치킨（보통맛）/1,사이다 500ml/1","
맛
★
5
양
★
5
배달
★
5
",4.21
37,지코바 언제 먹어도 맛나요,★★★★★,순살양념（순한맛）/1,"
맛
★
5
양
★
5
배달
★
5
",4.59
38,잘 먹었습니다,★★★★★,순살양념（보통맛）/1,"
맛
★
5
양
★
5
배달
★
5
",5.0
39,너무 맛있었습니다,★★★★★,순살양념（보통맛）/1,"
맛
★
5
양
★
5
배달
★
0
",5.0
40,처음 시켜봤는데 배달 빠르고 맛있어요,★★★★★,순살양념（보통맛）/1,"
맛
★
5
양
★
5
배달
★
5
",5.0
41,너무 맛있어서 주로 여기지점에서 시켜먹어요ㅠㅠ,★★★★★,순살양념（보통맛）/1,"
맛
★
5
양
★
5
배달
★
5
",5.0
42,너무 맛있게 잘 먹었어요,★★★★★,순살소금구이치킨/1,"
맛
★
5
양
★
5
배달
★
5
",5.0
43,맛있게 잘 먹었습니다,★★★★★,순살양념（보통맛）/1(추가메뉴(떡사리)),"
맛
★
5
양
★
5
배달
★
5
",4.8
44,맛있어요 감사합니다,★★★★★,순살양념（보통맛）/1,"
맛
★
5
양
★
5
배달
★
5
",4.8
45,잘먹엇습니다 감사합니다,★★★★★,"순살양념（보통맛）/1,공기밥 추가/1","
맛
★
5
양
★
5
배달
★
5
",5.0
46,믿고먹는 지코바,★★★★★,순살양념（매운맛）/1,"
맛
★
5
양
★
5
배달
★
5
",4.82
47,맛있어요 또 주문할게요,★★★★★,뼈 양념치킨（순한맛）/1,"
맛
★
5
양
★
5
배달
★
5
",4.8
48,중간맛이 딱 좋네요,★★★★,순살양념（보통맛）/1,"
맛
★
4
양
★
4
배달
★
4
",4.6
49,오랜만에 지코바를 시켜서 밥이랑 같이 먹었는데최고너무 행복한 저녁을 먹었습니다 맛도 좋고 양도좋고 배달도 빨랐어요 감사합니다,★★★★★,"순살양념（보통맛）/1,콜라 500ml/1","
맛
★
5
양
★
5
배달
★
5
",4.8
50,밥 치킨 모두 맛있고 훌륭합니다,★★★★★,순살양념（보통맛）/1(추가메뉴(떡사리)),"
맛
★
5
양
★
5
배달
★
5
",4.81
51,잘 먹었습니다 ,★★★★★,"뼈 양념치킨（보통맛）/1,햇반/2","
맛
★
5
양
★
5
배달
★
5
",5.0
52,너무잘먹엇습니다감사합니다,★★★★★,순살양념（순한맛）/1,"
맛
★
5
양
★
5
배달
★
5
",4.81
53,치밥은 지코바죠 ㅋㅋㅋ 미리 해둔 천사채샐러드랑 같이 먹으니 더 맛있네요 아 배달도 엄청 빨랐어요 감사합니다,★★★★★,순살양념（보통맛）/1,"
맛
★
5
양
★
5
배달
★
5
",5.0
54,언제나 마이떠요 최고,★★★★★,순살양념（보통맛）/1,"
맛
★
5
양
★
5
배달
★
5
",4.8
55,오늘도 잘먹었어요 지코바 넘 맛있어요 양념짱맵단짠 조합이 밥도둑,★★★★★,순살양념（보통맛）/1,"
맛
★
5
양
★
5
배달
★
5
",4.8
56,매운거 적당히 잘 먹는 사람 기준으로 매운맛  맛있을 정도로 매콤할 듯 매워요 맛있게 맵슘다 소스 넉넉하게 해주셔서 감사합니다치밥리뷰 이벤트 흑미밥도 양이 인 수준이에요 굿,★★★★★,순살양념（매운맛）/1,"
맛
★
5
양
★
5
배달
★
5
",5.0
57,배달 상태가 너무 별로라서 놀랬어요,★★,"순살양념（보통맛）/1,콜라 1.25L/1","
맛
★
5
양
★
5
배달
★
1
",1.61
58,비가와서  그런가  더  맛있네요,★★★★★,순살양념（보통맛）/1,"
맛
★
5
양
★
5
배달
★
5
",4.42
59,배달 겁나 빨라요  ㅎㅎㅎㅎㅎ,★★★★★,순살양념（보통맛）/1,"
맛
★
5
양
★
5
배달
★
5
",4.23
60,너무 맛있게 먹었어요 급하게 먹느냐 사진을 못찍었어요ㅠㅠ,★★★★★,순살양념（보통맛）/1,"
맛
★
5
양
★
4
배달
★
5
",5.0
61,배달해주시는분이 넘 친절했어요 지코바는 양념에 밥비벼 먹음 꿀맛이죠 양도 넉넉했어요 떡사리 추가했는데 조금 딱딱했던거 같아요,★★★★★,순살양념（보통맛）/1(추가메뉴(떡사리)),"
맛
★
4
양
★
5
배달
★
5
",5.0
62,다른지점보다 맛이 있네요,★★★★★,순살양념（보통맛）/1,"
맛
★
5
양
★
5
배달
★
5
",5.0
63,맛있게 잘먹었습니다,★★★★★,뼈 양념치킨（보통맛）/1,"
맛
★
5
양
★
5
배달
★
5
",5.0
64,항상 맛있게 먹고있습니다,★★★★★,"순살양념（보통맛）/1,배달 생맥주 1000cc/1","
맛
★
5
양
★
5
배달
★
5
",4.8
65,진짜 너무맛있다 ㅠ 근데 떡 양이 리뷰이벤트랑 돈 내고 추가하는거랑 다른가요 리뷰이벤트라 그런지 떡양이 적더라고요 다음에는 추가해야될듯,★★★★★,순살양념（보통맛）/1,"
맛
★
5
양
★
5
배달
★
5
",1.0
66,오늘도 치밥 한그릇 뚝딱했네요역시 치밥은 지코바,★★★★★,순살양념（보통맛）/1,"
맛
★
5
양
★
5
배달
★
5
",3.23
67,담백하고 맛있어요근데 리뷰이벤트 신청했는데안주셨네요,★★★★★,순살소금구이치킨/1,"
맛
★
5
양
★
5
배달
★
5
",2.36
68,모든면에서 만족합니다,★★★★★,순살양념（보통맛）/1,"
맛
★
5
양
★
5
배달
★
0
",4.79
69,맛있게 잘 먹었습니다,★★★★★,순살소금구이치킨/1,"
맛
★
5
양
★
5
배달
★
5
",4.8
70,지코바는 역시 매운맛이 제일 맛있는거 같습니다,★★★★★,순살양념（매운맛）/1,"
맛
★
5
양
★
5
배달
★
5
",3.27
71,오랜만에 가족들과 맛있게 먹었습니다 ,★★★★★,"순살양념（보통맛）/1,콜라 1.25L/1","
맛
★
5
양
★
4
배달
★
5
",4.6
72,여기 지점이 제일 잘 나와요,★★★★★,순살양념（매운맛）/1,"
맛
★
5
양
★
5
배달
★
5
",5.0
73,오늘은  배달로  여기서만 먹는 맛집,★★★★★,순살양념（보통맛）/1,"
맛
★
5
양
★
5
배달
★
5
",3.04
74,맛있게 잘 먹겠습니다 감사합니다,★★★★★,순살양념（보통맛）/1,"
맛
★
5
양
★
5
배달
★
0
",5.0
75,음지코바도  구로점 가까워서 시켜먹다가독산 시킨건데 구로점이 구데기였던듯여기가 짱 맛나네요 굳굳,★★★★★,순살양념（보통맛）/1,"
맛
★
5
양
★
5
배달
★
5
",4.8
76,튀김가루 없어서 먹기에 부담도 없고 맛도 정말 좋습니다배송은 엄청 빠릅니다 분 걸린다고 나왔는데 분만에 옴 당황스러울정도로 빨라요 ,★★★★★,순살양념（매운맛）/1,"
맛
★
5
양
★
5
배달
★
5
",2.59
77,오늘도 또 먹고 말았어요세상에 고기랑 떡이랑 밥이랑 다 맛있어용ㅠㅠ양념 진짜 무슨 일인가요흑미밥 리뷰서비스를 받을 수 밖에 없어용ㅠ오늘도 맛있게 먹고 갑니다식후감,★★★★★,순살양념（보통맛）/1,"
맛
★
5
양
★
5
배달
★
5
",4.79
78,와서비스로  콜라  리터로  받았어요매운건  하나도  않  맵구  치킨옷이  없어  깔끔한맛치밥으로  먹기  딱  좋은거  같구요맛있게  잘  먹었습니다감사합니다,★★★★★,뼈 양념치킨（매운맛）/1,"
맛
★
5
양
★
5
배달
★
5
",3.99
79,망나요 배달도빠름식후감,★★★★★,순살양념（보통맛）/1,"
맛
★
5
양
★
5
배달
★
5
",1.22
80,아주 맛있었습니다,★★★★★,순살양념（매운맛）/1,"
맛
★
5
양
★
5
배달
★
5
",5.0
81,맛있어여 다음에 또 시켜 먹을게요,★★★★★,순살양념（보통맛）/1,"
맛
★
5
양
★
5
배달
★
5
",4.62
82,양도 많아서 맛있고 배달도 빨라서 최고에요,★★★★★,"순살양념（보통맛）/1,햇반/1","
맛
★
5
양
★
5
배달
★
5
",5.0
83,독산점의 촉촉한 지코바 최고입니다 집 거의 다와가는 길에 시켜서 여유있게 기다려야겠네 했더니 배달도 금방 와서 아주그냥 끄암짝 놀랐어요 진짜 독산점지코바만 먹을거예뇨,★★★★★,순살양념（보통맛）/1,"
맛
★
5
양
★
5
배달
★
5
",5.0
84,잘먹었습니다,★★★★★,순살양념（보통맛）/1,"
맛
★
5
양
★
5
배달
★
5
",5.0
85,매콤하게 감칠맛나는 밥도둑,★★★★★,순살양념（보통맛）/1,"
맛
★
5
양
★
5
배달
★
5
",4.62
86,역시 지코바 맛있었습니다,★★★★★,순살소금구이치킨/1,"
맛
★
5
양
★
5
배달
★
5
",5.0
87,전에 시켜먹었을땐 엄청 맛있었는데 오늘은 잡내도 심하고 껍질도 너무 많고 주방이 바뀐 거 같네요 ㅠㅠ 레시피가 있을텐데 같은 곳이라고는 도저히 믿어지지가 않습니다 나만 느낀게 아니고 같이 먹었던 사람도 똑같이 느꼈어요 문제 있네요,★,순살양념（보통맛）/1(추가메뉴(떡사리)),"
맛
★
1
양
★
5
배달
★
5
",1.4
88,잘먹었습니다 번창하세요,★★★★★,"순살양념（보통맛）/1,공기밥 추가/1","
맛
★
5
양
★
5
배달
★
5
",5.0
89,맛있어요 떡이좀더 부드러움좋겠지만 그래도만족,★★★★★,"윙 양념구이（보통맛）/1(추가메뉴(떡사리)),공기밥 추가/1","
맛
★
5
양
★
5
배달
★
5
",4.8
90,지코바는 무조건 순살 배달도 빨리오고 넘 맛있었어요,★★★★★,순살양념（보통맛）/1,"
맛
★
5
양
★
5
배달
★
5
",5.0
91,맛있게 잘 먹었습니다,★★★★★,순살양념（보통맛）/1,"
맛
★
5
양
★
5
배달
★
5
",4.8
92,맛있게 잘 먹었어요,★★★★★,순살양념（순한맛）/1,"
맛
★
5
양
★
5
배달
★
5
",4.8
93,지코바는 실망시키지 않습니다,★★★★★,순살양념（보통맛）/1,"
맛
★
5
양
★
5
배달
★
5
",4.2
94,잘 먹었습니다,★★★★★,순살양념（순한맛）/1,"
맛
★
5
양
★
5
배달
★
5
",5.0
95,와 첨 먹어보는데 진짜 맛나네요 담엔 매콤한 맛 먹어봐야 겠어요,★★★★★,순살양념（보통맛）/1(추가메뉴(떡사리)),"
맛
★
5
양
★
5
배달
★
5
",4.81
96,정말 맛있게 먹었습니다 양도 많고 배송도 빨라요,★★★★★,뼈 소금구이치킨/1,"
맛
★
5
양
★
5
배달
★
5
",5.0
97,전에 중간맛이 약해서 이번엔 매운맛 주문해봤는데 중간맛이 진리네요,★★★★★,순살양념（매운맛）/1,"
맛
★
5
양
★
5
배달
★
5
",2.21
98,지코바는 진짜 치밥에 최고 인것 같아요입맛 없을때 진짜 최고가까워서 포장해서 잘먹었습니다,★★★★★,순살양념（매운맛）/1,"
맛
★
5
양
★
5
배달
★
0
",5.0
99,역시 최고의 치킨,★★★★★,순살양념（보통맛）/1,"
맛
★
5
양
★
5
배달
★
5
",4.61
100,존 맛 탱 구 리 요,★★★★★,순살양념（보통맛）/1(추가메뉴(떡사리)),"
맛
★
5
양
★
5
배달
★
5
",5.0
101,늘 변함없이 맛나용,★★★★★,순살양념（보통맛）/1(추가메뉴(떡사리)),"
맛
★
5
양
★
5
배달
★
5
",4.8
102,맛있어요,★★★★★,순살양념（순한맛）/1,"
맛
★
5
양
★
5
배달
★
5
",5.0
103,어어엄청 맛있었러료,★★★★★,"순살양념（보통맛）/1,콜라 500ml/1","
맛
★
5
양
★
5
배달
★
5
",5.0
104,역시 밥과 어울리는 지코바,★★★★★,"순살양념（보통맛）/1,공기밥 추가/1","
맛
★
5
양
★
5
배달
★
5
",3.96
105,맛잇게 잘먹었습니다,★★★★★,순살양념（보통맛）/1,"
맛
★
5
양
★
5
배달
★
5
",5.0
106,최고입니다 다음에 또 시킬께요,★★★★★,순살양념（매운맛）/1,"
맛
★
5
양
★
5
배달
★
5
",5.0
107,역시 치밥은 지코바 ,★★★★★,순살양념（보통맛）/1,"
맛
★
5
양
★
5
배달
★
5
",4.01
108,맛있어요 배달도 빨라 좋아요,★★★★★,순살양념（보통맛）/1,"
맛
★
5
양
★
5
배달
★
5
",5.0
109,맛도양도 조리시간포장도 다 좋아요 강추해요,★★★★,뼈 양념치킨（보통맛）/1,"
맛
★
4
양
★
4
배달
★
0
",5.0
110,배달원이 도착해놓고 연락을 안줘서 도착한줄도 몰랐어요 택배 도착문자받고 나갔다가 앞에 지코바 놓여있는거보고 짜증이 확 나더라고요 한끼도 안먹은 상태여서 배고팠거든요 근데 막상 치킨먹으니까 너무 맛있어서 기분이 풀림 ㅠ 배달원땜에 열받긴했지만 대행쓰신다면 가게에서 할 수 있는게 없겠지 싶기도하고 여튼 맛있게 잘 먹었습니다,★★★★★,순살양념（보통맛）/1,"
맛
★
5
양
★
5
배달
★
3
",1.2
111,전보다 조금 질긴 부분도 있었네요맛도 있고 양도 좋고 배달 진짜빠르고 잘먹었네요,★★★★★,순살양념（보통맛）/1,"
맛
★
4
양
★
5
배달
★
5
",4.6
112,예전에는 맛있어서 종종 시켜먹었는데 맛도 변하고 제가 조금 민감한 편이기는 한데 살짝 비릿맛이 나네요,★★,"순살양념（보통맛）/1,음료 대 변경/1","
맛
★
1
양
★
4
배달
★
0
",2.21
113,맛있게 잘먹었습니다,★★★★★,순살양념（보통맛）/1,"
맛
★
5
양
★
5
배달
★
5
",5.0
114,처음 먹어보는데 넘 맛있어요,★★★★★,뼈 양념치킨（매운맛）/1,"
맛
★
5
양
★
5
배달
★
0
",4.2
115,역시 지코바 입니다,★★★★★,순살양념（보통맛）/1,"
맛
★
5
양
★
5
배달
★
5
",3.94
116,배달도빠르고맛있어요,★★★★★,순살양념（순한맛）/1,"
맛
★
5
양
★
5
배달
★
5
",5.0
117,맛있었어요,★★★★★,순살양념（보통맛）/1(추가메뉴(떡사리)),"
맛
★
5
양
★
5
배달
★
5
",5.0
118,맛있어요또 시켜 먹을께요,★★★★★,순살양념（보통맛）/1(추가메뉴(떡사리)),"
맛
★
5
양
★
5
배달
★
0
",5.0
119,역시 지코바 맛있네요,★★★★★,"순살양념（보통맛）/1,햇반/1","
맛
★
5
양
★
5
배달
★
0
",4.8
120,지코바는 늘 믿고 먹습니다 배달도 빠르고 떡사리 추가도 너무 많구 맛있어요  다음에 또 시킬게요,★★★★★,순살양념（순한맛）/1,"
맛
★
5
양
★
5
배달
★
5
",5.0
121,ㅎㅎㅎㅎㅎㅎㅎㅎㅎㅎ,★★★★★,"순살양념（순한맛）/1,공기밥 추가/1,음료 대 변경/1","
맛
★
5
양
★
4
배달
★
4
",4.8
122,치밥은 역시 지코바,★★★★★,"순살양념（보통맛）/1,햇반/1","
맛
★
5
양
★
5
배달
★
5
",4.6
123,이날 너무 급하게 먹느랴 사진을 못찍어내요ㅠㅠ진짜 맛있고 계속 생각나는맛이에요,★★★★★,뼈 양념치킨（순한맛）/1,"
맛
★
5
양
★
5
배달
★
5
",3.01
124,항상맛있어요 조아요리뷰이벤트로 흑미밥 너무 잘어울려요,★★★★★,순살양념（순한맛）/1(추가메뉴(떡사리)),"
맛
★
5
양
★
5
배달
★
5
",5.0
125,너무 맛있게 먹었어요 이지점에만 주문해야겠어요,★★★★★,순살양념（보통맛）/1,"
맛
★
5
양
★
4
배달
★
5
",5.0
126,처음 시켜보는데 맛있어요,★★★★★,순살양념（보통맛）/1,"
맛
★
5
양
★
5
배달
★
5
",4.59
127,맛있게 잘 먹었습니다,★★★★★,순살양념（보통맛）/1,"
맛
★
5
양
★
5
배달
★
5
",4.8
128,정말 맛있게 잘 먹었습니다,★★★★★,뼈 양념치킨（보통맛）/1,"
맛
★
5
양
★
5
배달
★
5
",4.8
129,배달도 분이상 빨리 음식이 따뜻하게 배달되서 좋았어요떡사리도 서비스로 주시고 배고팠는데 정말 맛나게 먹었어요 감사합니다강츄 에용,★★★★★,순살양념（순한맛）/1,"
맛
★
5
양
★
5
배달
★
5
",5.0
130,치밥 생각날땐 지코바가 최고인거 같아요 오늘도 넘 맛있게 잘먹었습니다,★★★★★,순살양념（보통맛）/1,"
맛
★
5
양
★
5
배달
★
5
",4.79
131,너무 맛있어요 진짜 배뷰름ㅋ,★★★★★,순살양념（보통맛）/1,"
맛
★
5
양
★
5
배달
★
5
",5.0
132,이건 먹어봐야 합니다오랜만에 밥이랑 같이 먹으니 핵 꿀맛그맛에 또 시킵니다,★★★★★,순살양념（보통맛）/1,"
맛
★
5
양
★
5
배달
★
5
",4.59
133,간만에 땡겨서 주문했는데 역시 맛있습니다 잘먹었습니다,★★★★★,순살양념（보통맛）/1,"
맛
★
5
양
★
5
배달
★
5
",4.4
134,잘 받았습니다,★★★★★,순살양념（순한맛）/1,"
맛
★
5
양
★
5
배달
★
5
",4.6
135,항상 맛있습니다 주기적으로 먹어줘야 하는 맛이에요,★★★★★,순살양념（보통맛）/1,"
맛
★
5
양
★
5
배달
★
0
",4.62
136,배달도 빠르고 맛도 있어용,★★★★★,뼈 양념치킨（순한맛）/1,"
맛
★
5
양
★
5
배달
★
5
",4.41
137,배달이 매번 빨라서 좋아요,★★★★★,순살양념（보통맛）/1,"
맛
★
5
양
★
5
배달
★
5
",5.0
138,역시 지코바입니다 서비스 즉석밥도 감사합니다,★★★★★,순살양념（순한맛）/1,"
맛
★
5
양
★
5
배달
★
5
",5.0
139,맛 넘 좋아요짱이예요양도 적당하고요사장님맛있게 잘 먹었어요,★★★★★,순살양념（보통맛）/1,"
맛
★
5
양
★
5
배달
★
5
",4.8
140,맛있어요 개꿀밥반찬,★★★★★,순살양념（순한맛）/1,"
맛
★
5
양
★
5
배달
★
5
",4.8
141,맛있게먹었스버다 ,★★★★★,순살양념（보통맛）/1(추가메뉴(떡사리)),"
맛
★
5
양
★
5
배달
★
5
",4.6
142,맛있게 잘 먹었습니다,★★★★★,순살양념（순한맛）/1,"
맛
★
5
양
★
5
배달
★
5
",4.8
143,서비스 좋고 맛도좋아요사장님도 친절하셔요,★★★★★,순살양념（보통맛）/1,"
맛
★
5
양
★
5
배달
★
0
",5.0
144,맛은 있는데 쫌 싱겁네요 수고하세요,★★★★,뼈 양념치킨（보통맛）/1,"
맛
★
4
양
★
5
배달
★
5
",3.94
145,지코바 첨 먹었는데 은근 중독되네요잘먹었습니다,★★★★★,순살양념（매운맛）/1,"
맛
★
5
양
★
5
배달
★
5
",3.41
146,배달 빠르고 맛있어요,★★★★★,순살양념（보통맛）/1,"
맛
★
5
양
★
5
배달
★
5
",4.41
147,정말 맛있게 잘먹었습니다,★★★★★,순살양념（보통맛）/1(추가메뉴(떡사리)),"
맛
★
5
양
★
5
배달
★
5
",5.0
148,항상 맛있게 잘먹고 있습니다 오늘도 밥도둑 지코바와 함께,★★★★★,순살양념（보통맛）/1,"
맛
★
5
양
★
5
배달
★
5
",4.81
149,밥이랑 먹으니까 진짜 맛있네요 ,★★★★★,순살양념（보통맛）/1,"
맛
★
5
양
★
5
배달
★
5
",4.6
150,어쩔존맛탱탱볼드래곤볼짱맛,★★★★★,순살양념（보통맛）/1,"
맛
★
5
양
★
5
배달
★
5
",4.81
151,배송도 빠르고 맛도 좋았어요순살인데 양도 많아서 나중에 치밥으로 먹으려구요 감사합니다,★★★★★,순살양념（보통맛）/1,"
맛
★
5
양
★
5
배달
★
5
",4.8
152,맛도 양도 굿입니다그리고 지코바 시킬때는 항상 밥과함께 최고입니다,★★★★★,순살양념（보통맛）/1,"
맛
★
5
양
★
5
배달
★
0
",5.0
153,양 정말 많고 다 못먹어서 내일 밥 비벼 먹어야겠네요 배달도 빠릅니다 맛있구요 감사합니다,★★★★★,순살양념（순한맛）/1,"
맛
★
5
양
★
5
배달
★
5
",4.0
154,맛있게 잘 먹었습니다,★★★★★,뼈 양념치킨（보통맛）/1,"
맛
★
5
양
★
5
배달
★
5
",4.8
155,보통맛으로 잘먹었고 다음에는 매운맛으로 먹어봐야겠어요 역치 치밥으로 최고,★★★★★,순살양념（순한맛）/1,"
맛
★
5
양
★
5
배달
★
5
",4.22
156,맛있게 잘먹었습니다,★★★★★,순살양념（보통맛）/1,"
맛
★
5
양
★
5
배달
★
5
",5.0
157,시킨지 분만에 배달와서 깜짝놀랐습니다 ㅋㅋ 맛있게 잘먹었습니다 감사합니다,★★★★★,순살양념（보통맛）/1,"
맛
★
5
양
★
5
배달
★
5
",4.81
158,존맛이에요 잘먹었습니다 ,★★★★★,뼈 양념치킨（보통맛）/1,"
맛
★
5
양
★
5
배달
★
5
",5.0
159,맛있습니다 정말맛있어요,★★★★★,순살양념（보통맛）/1,"
맛
★
5
양
★
5
배달
★
0
",4.8
160,맛있게 잘먹었습니당,★★★★★,순살양념（순한맛）/1,"
맛
★
5
양
★
5
배달
★
5
",5.0
161,최고예요 진짜 지코바최고,★★★★★,"순살양념（매운맛）/1,공기밥 추가/1","
맛
★
5
양
★
5
배달
★
5
",5.0
162,양도 많고 배달도 빨랐습니다,★★★★★,순살양념（매운맛）/1(추가메뉴(떡사리)),"
맛
★
5
양
★
5
배달
★
5
",4.61
163,늘 이 지점에서만 시켜요,★★★★★,뼈 양념치킨（보통맛）/1,"
맛
★
5
양
★
5
배달
★
1
",4.21
164,매콤달콤 완전 맛있어요,★★★★★,순살양념（순한맛）/1,"
맛
★
5
양
★
5
배달
★
5
",5.0
165,친구 추천을 받아서 주문했어요 밋있어요,★★★★★,순살양념（보통맛）/1,"
맛
★
5
양
★
5
배달
★
5
",4.4
166,믿고 먹는 지코바 ㅎㅎ 잘 먹었습니다 ,★★★★★,순살양념（보통맛）/1,"
맛
★
5
양
★
5
배달
★
5
",4.6
167,주문할 때 계산을 미리 했었는데배달 왔을때 계산 해야 한다고 하셔서 놀랐네요밥이랑 같이 먹으면 더 맛있는 치킨맛있게 먹었습니다,★★★★★,순살양념（매운맛）/1,"
맛
★
5
양
★
5
배달
★
5
",3.21
168,맛있게 잘 먹었습니다,★★★★★,순살양념（보통맛）/1,"
맛
★
5
양
★
5
배달
★
5
",4.8
169,빠르고 맛있고 매우 만족합니다,★★★★★,순살양념（보통맛）/1,"
맛
★
5
양
★
5
배달
★
5
",5.0
170,맛있게 잘먹었습니다 깔끔 매콤 ,★★★★★,순살양념（보통맛）/1,"
맛
★
5
양
★
5
배달
★
5
",4.8
171,처음 주문인데 매워서 너무 맛있었어요 맥주를 부르는 맛다음에 또 주문하겠습니다,★★★★★,순살양념（매운맛）/1,"
맛
★
5
양
★
5
배달
★
5
",5.0
172,허겁지겁 먹느라 사진은 못찍었는데 역시 치밥엔 지코바죠,★★★★★,순살양념（보통맛）/1,"
맛
★
5
양
★
5
배달
★
5
",1.4
173,맛있게 잘 먹었습니다,★★★★★,순살양념（보통맛）/1,"
맛
★
5
양
★
5
배달
★
5
",4.8
174,예정시간보다 일찍와서 따뜻하게 맛나게 먹었어요,★★★★★,순살양념（순한맛）/1,"
맛
★
5
양
★
4
배달
★
5
",4.8
175,짱마싯서요 진짜 양도 많아서 혼자 먹어서 세끼는 먹은듯,★★★★★,"순살양념（순한맛）/1,음료 대 변경/1","
맛
★
5
양
★
5
배달
★
5
",4.37
176,배달도 빠르고 맛있게 먹었습니다 일부러 제가 청양고추는 넣은거에요 혹시나 사진보시고 헷갈리지 마시기 바랍니다,★★★★★,순살양념（매운맛）/1,"
맛
★
5
양
★
5
배달
★
5
",4.79
177,좋아요좋아요 좋아요좋아요좋아요좋아요좋아요좋아요 좋아요좋아요 좋아요좋아요좋아요좋아요좋아요좋아요 좋아요좋아요 좋아요좋아요좋아요좋아요좋아요좋아요 좋아요좋아요 좋아요좋아요좋아요좋아요좋아요좋아요 좋아요좋아요 좋아요좋아요좋아요좋아요좋아요좋아요,★★★★★,"순살양념（매운맛）/1,콜라 1.25L/1","
맛
★
5
양
★
4
배달
★
4
",4.81
178,생각나서 찾아먹게 되는 맛이에요,★★★★★,"순살양념（순한맛）/1(추가메뉴(떡사리)),음료 대 변경/1","
맛
★
5
양
★
5
배달
★
5
",4.19
179,밥도둑 넘 맛있어요ㅎㅎ 오랜만에 주문했는데오늘 닭다리살로만 되어있는 것 같아용 부드러운 식감 맛있습니당 ,★★★★★,뼈 양념치킨（보통맛）/1,"
맛
★
5
양
★
5
배달
★
5
",4.59
180,지코바는 독산호점이 디짐,★★★★★,뼈 양념치킨（보통맛）/1,"
맛
★
5
양
★
5
배달
★
5
",3.39
181,맛있게 잘 먹었습니다,★★★★★,순살양념（보통맛）/1,"
맛
★
5
양
★
5
배달
★
5
",4.8
182,배달도 빠르고 맛있어요잘 먹엇습니다,★★★★★,순살양념（보통맛）/1,"
맛
★
5
양
★
5
배달
★
5
",4.8
183,너무 맛있어요 최고최고,★★★★★,순살양념（보통맛）/1,"
맛
★
5
양
★
5
배달
★
0
",5.0
184,치킨 조금 남기고 다음날에 밥이랑 볶아서 먹었어요신라면을 적당히 먹는 맵찌로서 맛있게 먹았습니다,★★★★★,"순살양념（보통맛）/1(추가메뉴(떡사리)),무 추가/1","
맛
★
5
양
★
5
배달
★
5
",3.82
185,요즘 거의 매주 사먹는거같은데 너무 맛있어요 항상 잘먹고있습니다,★★★★★,순살양념（보통맛）/1,"
맛
★
5
양
★
5
배달
★
5
",4.79
186,맛있게 잘 먹었습니다,★★★★★,순살양념（보통맛）/1,"
맛
★
5
양
★
5
배달
★
5
",4.8
187,밥도 주문해서 치킨밥처럼 맛있게 먹었습니다,★★★★★,순살양념（순한맛）/1,"
맛
★
5
양
★
5
배달
★
5
",4.59
188,숯불맛이없어졌네요 ㅠ 아쉽 떡사리 추가했더니 떡이랑 엄청마니 주셨어요 떡사리 존맛,★★★★★,순살양념（보통맛）/1,"
맛
★
4
양
★
5
배달
★
5
",1.99
189,미쳤네요 너무 마있어ㅜㅜ지코바 말만들었지 처음 먹어보는데 진짜 최고입니다보통맛 시켰는데 맵찔이라 좀 맵네요ㅜㅜ,★★★★★,순살양념（순한맛）/1(추가메뉴(떡사리)),"
맛
★
5
양
★
5
배달
★
5
",5.0
190,매우 맛있습니다,★★★★★,순살양념（매운맛）/1,"
맛
★
5
양
★
5
배달
★
5
",4.8
191,말이 필요없네요항상 독산 호점 애용하고 있습니다,★★★★★,순살양념（보통맛）/1,"
맛
★
5
양
★
5
배달
★
5
",4.19
192,잘먹었습니다,★★★★★,순살양념（보통맛）/1,"
맛
★
5
양
★
5
배달
★
5
",5.0
193,너무 맛있었어요,★★★★★,순살양념（순한맛）/1,"
맛
★
5
양
★
5
배달
★
5
",5.0
194,치킨 싫어하는 여자친구가 여긴 맛있다고 엄청 좋아하네요 추천합니다,★★★★★,순살양념（매운맛）/1,"
맛
★
5
양
★
5
배달
★
5
",3.8
195,맛잇엇오요 또올게요옹,★★★★★,뼈 양념치킨（순한맛）/1,"
맛
★
5
양
★
5
배달
★
5
",4.61
196,반찬맛집이라해서 처음 시켜봤는데 너무맛있네요 서비스로 주신 흑미밥도 잘 먹었습니다,★★★★★,순살양념（보통맛）/1,"
맛
★
5
양
★
5
배달
★
5
",4.8
197,치밥 뚝딱 했습니다 맛있어요,★★★★★,순살양념（순한맛）/1,"
맛
★
5
양
★
5
배달
★
5
",4.2
198,진짜 맛있어요 담에 또 시켜먹을게요,★★★★★,순살양념（보통맛）/1,"
맛
★
5
양
★
5
배달
★
5
",5.0
199,맛있게 잘 먹었습니다,★★★★★,뼈 양념치킨（보통맛）/1,"
맛
★
5
양
★
5
배달
★
5
",4.8
200,맛있게 먹었습니다,★★★★★,순살양념（매운맛）/1,"
맛
★
5
양
★
5
배달
★
0
",4.59
201,코로나로 인해 냄새가 안난다눙,★★★★★,순살양념（보통맛）/1(추가메뉴(떡사리)),"
맛
★
5
양
★
5
배달
★
5
",1.78
202,맛있어용 배달도 빨랐습니다,★★★★★,순살양념（매운맛）/1,"
맛
★
5
양
★
5
배달
★
5
",4.8
203,치킨무 주지 말라니까 주시고 떡조금 주랬지 양념도 없게 달랬나요 양념 하나도 없고 주자말라고 한 치킨무는 주고 콜라는 안주고 이게 뭡니까 여기서 많이 시켜먹는거 아실탠데 이런게 벌써 네번째입니다 저번엔 뭐 매운맛을 보내주질 않나 또 다른땐 탄거 들어가있는걸 보내주질 않나 실수 투성이에 쉬운 요구사항 하나도 못들어줄거면 뭐 어떻게 하란겁니까뭐 계속 참아주니까 저희집 배달은 뭐 막가도 된다고 생각하고 이러시는건가요 아니면 다른 주문도 이따구로 하십니까 이거 리뷰는 읽어요 진짜 뭐 하자는겁니까 단골 취급 참 기분 잡치게하네요,★★,"순살양념（보통맛）/1,햇반/1,콜라 1.25L/1","
맛
★
3
양
★
3
배달
★
2
",1.0
204,역시 지코바입니다 너무 맛있어요,★★★★★,순살양념（순한맛）/1,"
맛
★
5
양
★
5
배달
★
5
",5.0
205,지코바는 진리라고 생각합니다,★★★★★,순살양념（보통맛）/1,"
맛
★
5
양
★
5
배달
★
5
",4.61
206,맛있게잘먹었습니다 ㅎㅎ 다음엔 소스양좀 넉넉히부탁드려요ㅠ 밥비벼먹질못했네요,★★★★★,순살양념（보통맛）/1,"
맛
★
5
양
★
5
배달
★
5
",5.0
207,양도많고 맛있게 잘 먹었습니다,★★★★★,순살양념（매운맛）/1,"
맛
★
5
양
★
5
배달
★
5
",4.6
208,배달도 빠르고 양도 많고 맛있어요,★★★★★,순살양념（보통맛）/1,"
맛
★
5
양
★
5
배달
★
5
",4.6
209,밥이랑 같이 먹으니 정말 맛있네요,★★★★★,윙 양념구이（보통맛）/1,"
맛
★
5
양
★
5
배달
★
5
",4.6
210,양도 많고 맵고 맛있어요,★★★★★,순살양념（매운맛）/1,"
맛
★
5
양
★
5
배달
★
0
",5.0
211,맛있게 먹었습니다,★★★★★,순살양념（보통맛）/1,"
맛
★
5
양
★
5
배달
★
5
",4.59
212,맛있게 잘먹었습니다오랫만에 주문했는데  너무 빨리와서주문 십여분만에 도착살짝 의심했는데 상황설명 잘해주셔서 좋았어요 사장님의심해서죄송하구요콜라 사이즈업한게 잘못와서 재배송요청했는데 갖다주셔서 감사했어요 치킨은 정말 맛있었답니다,★★★★★,순살양념（보통맛）/1,"
맛
★
5
양
★
5
배달
★
5
",5.0
213,맛있어요 항상 맛있는거 같애요,★★★★★,순살양념（보통맛）/1,"
맛
★
5
양
★
5
배달
★
5
",4.8
214,보통맛도 쵸큼 맵긴한데 맛있었어요,★★★★★,순살양념（매운맛）/1,"
맛
★
5
양
★
5
배달
★
5
",3.19
215,늘 맛있는 독산점,★★★★★,순살양념（보통맛）/1,"
맛
★
5
양
★
5
배달
★
5
",5.0
216,배달도 빠르고 너무 맛있어용매운거 생각날때마다 시켜먹어요요청사항도 잘 들어주셔서 감사합니다,★★★★★,순살양념（보통맛）/1,"
맛
★
5
양
★
4
배달
★
5
",5.0
217,맛잇게 잘먹엇습니당 ,★★★★★,뼈 양념치킨（보통맛）/1,"
맛
★
5
양
★
5
배달
★
5
",5.0
218,매운건 못먹는데 맵기 조절가능하고 밥이랑 같이 먹기 좋습니다,★★★★★,순살양념（보통맛）/1,"
맛
★
5
양
★
5
배달
★
5
",2.81
219,너무 맛있어요 저희 부모님도 좋아하시네요 ㅠㅠ,★★★★★,순살양념（보통맛）/1,"
맛
★
5
양
★
5
배달
★
5
",4.81
220,엄청 맛있습니다,★★★★★,순살양념（보통맛）/1,"
맛
★
5
양
★
5
배달
★
0
",5.0
221,맛있게 잘먹었습니다,★★★★★,뼈 양념치킨（매운맛）/1,"
맛
★
5
양
★
5
배달
★
5
",5.0
222,지코바 항상 시ㅕ먹습키다 매운느낌이라 샐러드 함께 먹었습니다,★★★★★,"순살양념（순한맛）/1,무 추가/1","
맛
★
5
양
★
5
배달
★
5
",4.78
223,굳,★★★★★,순살양념（보통맛）/1,"
맛
★
5
양
★
5
배달
★
5
",4.2
224,매운맛 맵기 최고에 맛도 최곱니다,★★★★★,순살양념（순한맛）/1,"
맛
★
5
양
★
5
배달
★
0
",3.79
225,맛있게 잘먹었어요,★★★★★,뼈 양념치킨（매운맛）/1,"
맛
★
5
양
★
5
배달
★
5
",5.0
226,맛있게 잘 먹었습니다 치밥 체고,★★★★★,뼈 양념치킨（보통맛）/1,"
맛
★
5
양
★
5
배달
★
5
",4.6
227,지코바는 늘 맛잇어요,★★★★★,뼈 양념치킨（보통맛）/1,"
맛
★
5
양
★
5
배달
★
5
",4.8
228,다른 치킨은 느끼해고 지코바만큼은 항상 너무맛있습니다,★★★★★,순살양념（보통맛）/1,"
맛
★
5
양
★
5
배달
★
5
",4.8
229,맛있어서 먹고 다음날 밥이랑 또먹었어요,★★★★★,순살양념（보통맛）/1,"
맛
★
5
양
★
5
배달
★
5
",4.41
230,맛있게 잘먹었어요,★★★★★,순살양념（매운맛）/1,"
맛
★
5
양
★
5
배달
★
5
",5.0
231,맛있게 잘먹었습니다 밥이랑 먹으니 꿀맛이네용,★★★★★,순살양념（보통맛）/1,"
맛
★
5
양
★
5
배달
★
5
",4.8
232,배달 빠르고 상당히 맛있었슴당,★★★★★,순살양념（보통맛）/1,"
맛
★
5
양
★
5
배달
★
5
",5.0
233,배송빠르고잘먹었습니다,★★★★★,뼈 양념치킨（순한맛）/1,"
맛
★
5
양
★
5
배달
★
5
",4.8
234,맛있게 잘 먹었습니다 ,★★★★★,뼈 양념치킨（보통맛）/1,"
맛
★
5
양
★
5
배달
★
5
",4.8
235,너무 빠르게  순삭 했습니다  감사합니다,★★★★★,순살양념（보통맛）/1,"
맛
★
5
양
★
5
배달
★
5
",3.21
236,잘목었스ㅃ니다 맛있서요,★★★★,순살양념（보통맛）/1,"
맛
★
4
양
★
4
배달
★
3
",4.6
237,진짜 맛있네요 떡은 식으면 약간 굳어서 먹기 힘들지만 역시 치밥은 지코바입니다 굿굿,★★★★★,순살양념（보통맛）/1,"
맛
★
5
양
★
5
배달
★
5
",4.41
238,맛있게 잘 먹었습니다,★★★★★,순살양념（보통맛）/1,"
맛
★
5
양
★
5
배달
★
5
",4.8
239,떡사리 많이주셔서 배터지는줄 알았습니다ㅋㅋ 맛있게 잘먹었고 다음에 또 여기서 시킬게요,★★★★★,뼈 양념치킨（매운맛）/1,"
맛
★
5
양
★
5
배달
★
5
",4.8
240,늘 맛있게 잘 먹고있어요적당히 매콤하면서 맛있어요밥도 맛있어욤,★★★★★,"순살양념（보통맛）/1,콜라 500ml/1","
맛
★
5
양
★
5
배달
★
0
",4.79
241,맛있게 잘 먹었어요오랜만에 매운맛이 너무 맛있네요,★★★★★,순살양념（매운맛）/1,"
맛
★
5
양
★
5
배달
★
5
",5.0
242,지코바 맛있져용 헤헤,★★★★★,순살양념（보통맛）/1,"
맛
★
5
양
★
5
배달
★
5
",4.6
243,윙은 처음먹는데 너무맛있어요치밥에 짱입니다,★★★★★,순살양념（보통맛）/1,"
맛
★
5
양
★
5
배달
★
5
",4.6
244,맛있게 잘 먹었습니다,★★★★,순살소금구이치킨/1,"
맛
★
4
양
★
4
배달
★
5
",4.8
245,너무 맛있게 잘먹었습니다,★★★★★,"순살양념（매운맛）/1,캔콜라추가/1","
맛
★
5
양
★
5
배달
★
5
",5.0
246,배달시간은 예상보다 빠르구요 양도 적지않고 맛있네요치밥해먹게 소스국물이 좀더 넉넉하면 좋겠어요,★★★★★,윙 양념구이（매운맛）/1,"
맛
★
5
양
★
5
배달
★
5
",4.8
247,맛있게 잘 먹었습니다 다음에 또 시킬게요,★★★★★,순살양념（순한맛）/1,"
맛
★
5
양
★
5
배달
★
5
",4.6
248,예상시간보다도 배달 빨리오고 독산호점에서 두번째 시키는데 여전히 맛있어요요즘 닭가슴살을 섞어서 주신다고 하셨는데 닭가슴살이 저번 주문에 비해 거의 없는 수준이여서 그런지 양이 전보다 줄어서 조금 아쉬웠습니다그래도 너무 맛있어서 못끊어요 지코바ㅠㅠ요청사항도 잘 들어주셔서 감사합니다,★★★★★,순살양념（보통맛）/1,"
맛
★
5
양
★
3
배달
★
5
",3.42
249,존마탕티에요 ㅎㅎㅎ,★★★★★,순살양념（보통맛）/1,"
맛
★
5
양
★
5
배달
★
5
",4.62
250,사장님 두분도 너무 친절하시고 정말 맛있는집입니다,★★★★★,순살양념（보통맛）/1(추가메뉴(떡사리)),"
맛
★
5
양
★
5
배달
★
0
",5.0
251,완전 맛잇게 잘 먹었습니당ㅎㅎ,★★★★★,순살양념（보통맛）/1,"
맛
★
5
양
★
5
배달
★
5
",5.0
252,맛나요 매번 달마다 생각나는 오븐구이 랍니당,★★★★★,뼈 양념치킨（보통맛）/1,"
맛
★
5
양
★
5
배달
★
5
",4.8
253,맛있게 잘먹었어요,★★★★★,뼈 양념치킨（보통맛）/1,"
맛
★
5
양
★
5
배달
★
5
",5.0
254,괜찮네ㅔㅔㅔㅔ맛잇네ㅔㅔ,★★★★★,"순살양념（매운맛）/1,콜라 1.25L/1","
맛
★
5
양
★
5
배달
★
5
",3.4
255,지코바 뼈양념 잘 먹었습니다,★★★★★,순살양념（매운맛）/1,"
맛
★
5
양
★
5
배달
★
5
",4.8
256,최고에여 너무 맛있어요 ,★★★★★,순살양념（보통맛）/1,"
맛
★
5
양
★
5
배달
★
0
",5.0
257,맛있었습니다 치밥 굳굳가까워서 앞으로 포장해서 먹어야겠어요,★★★★★,순살양념（보통맛）/1,"
맛
★
5
양
★
5
배달
★
0
",5.0
258,예상보다 엄청 빨리 왔어요 밥이랑 같이 먹으니 맛있습니다,★★★★★,순살양념（보통맛）/1,"
맛
★
5
양
★
5
배달
★
5
",5.0
259,매운맛 너무너무너무 매워요 와이프랑 먹다가 깜놀 청양고추 옴청많음 담부턴 보통맛하려구요,★★★★★,순살양념（순한맛）/1,"
맛
★
5
양
★
5
배달
★
5
",2.76
260,맛있게 잘 먹었어요늘애용하는 매장입니다,★★★★★,"순살양념（보통맛）/1,무 추가/1","
맛
★
5
양
★
5
배달
★
5
",4.6
261,맛있게 먹었습니다또시킬께용,★★★★★,뼈 양념치킨（순한맛）/1,"
맛
★
5
양
★
5
배달
★
5
",4.4
262,맛있었어용 또시켜먹을게요,★★★★★,"순살양념（순한맛）/1,떡 추가/1","
맛
★
5
양
★
5
배달
★
5
",4.61
263,진짜 너무 맛있어요 ,★★★★★,"순살양념（순한맛）/1,참이슬/1","
맛
★
5
양
★
5
배달
★
5
",5.0
264,지코바 정말 좋아하고 근처 가게들 중에선 독산점이 가장 괜찮다고 생각했었는데요혹시 레시피가 바뀐건가요 아님 조리방법이나 조리하시는분이 바뀐건가요맛도 지금까지와 너무 다르고 닭껍질이 너무 많아서 질겅질겅 씹히고 닭 자체에서 냄새도 너무 많이 났습니다 리뷰이벤트 참여하겠다고 말씀드렸고 떡사리도 받았기때문에 솔직히 진짜 좋게 리뷰 남겨드리고 싶은데 진짜 오늘은 아니었어요  지코바는 받으면 마지막에 밥까지 비벼먹는데 오늘은 몇개먹다 말았어요 종일 굶어서 야식겸 먹으려고 시켰는데 못먹고 라면 끓이고 있네요 ㅠㅠ,★★★,순살소금구이치킨/1,"
맛
★
1
양
★
5
배달
★
5
",2.4
265,정육으로만 있으면 좋겠는데 아쉽네요ㅠ그래도 오랜만에 주문했는데 맛있습니다 밥도둑이예요 ,★★★★★,"뼈 양념치킨（순한맛）/1,음료 대 변경/1","
맛
★
5
양
★
5
배달
★
5
",4.8
266,순살이 점 섞여서 기존에 맛과 점 다르지만 모든 매장에서 시행되는 것이니 어쩔수 없다고 생각함 그래도 양도 푸짐하고 맛도 있고 배달 빠르고 모든걸 만족함 현미밥과 아주 잘먹었어요,★★★★★,"순살양념（순한맛）/1,공기밥 추가/2","
맛
★
5
양
★
5
배달
★
5
",3.99
267,정신없이 먹느라 사진을 늦게 찍었네요 맛있어요,★★★★★,"순살양념（순한맛）/1,떡 추가/1,공기밥 추가/1","
맛
★
5
양
★
5
배달
★
5
",3.8
268,치밥에 딱좋은 메뉴,★★★★★,순살양념（보통맛）/1,"
맛
★
5
양
★
5
배달
★
5
",4.8
269,배달 빨라서 너무 좋습니다,★★★★★,"순살양념（매운맛）/1,떡 추가/1","
맛
★
5
양
★
5
배달
★
5
",5.0
270,맛있어요 양도 많구 근데 뭔가 옛날 제가 먹던 기대하던 맛과는 다른 맛이었습니다 숯불향이 없어진것같았어요,★★★★,순살양념（순한맛）/1,"
맛
★
4
양
★
4
배달
★
5
",2.61
271,정말 맛있어요,★★★★★,순살양념（보통맛）/1,"
맛
★
5
양
★
5
배달
★
5
",5.0
272,역시 지코바,★★★★★,순살양념（순한맛）/1,"
맛
★
5
양
★
5
배달
★
4
",2.8
273,매운정도가 딱이에요 넘 맛있음,★★★★★,"순살양념（보통맛）/1,공기밥 추가/1","
맛
★
5
양
★
5
배달
★
5
",4.23
274,리뷰가 좀 늦었지만 배달 겁나 빠르고 맛있었어요 치밥 사랑,★★★★★,"순살양념（보통맛）/1,배달 생맥주 1000cc/1","
맛
★
5
양
★
5
배달
★
5
",4.4
275,맛있네요 다음에도 주문해먹겠습니다,★★★★★,순살양념（보통맛）/1,"
맛
★
5
양
★
5
배달
★
0
",4.8
276,맛있게 먹었습니다 가슴살이 섞여 있어서 살짝 아쉽긴 했지만 인터넷 찾아보니 점주분들도 어쩔수 없는 상황인거 같더라구요 ㅠ그래도 배달도 엄청 빨랐고 집에있는 찬밥까지 싹싹 비벼서 알차게 먹었습니다감사합니다,★★★★★,"순살양념（보통맛）/1,햇반/2,콜라 1.25L/1","
맛
★
5
양
★
5
배달
★
5
",4.6
277,지코바 맛있게먹었어요양념이 좀 더 있었음 좋겠어요,★★★★,순살양념（보통맛）/1,"
맛
★
4
양
★
4
배달
★
4
",4.6
278,담백하고 촉촉한게 맛있어요 잘먹었습니다,★★★★★,순살양념（보통맛）/1,"
맛
★
5
양
★
5
배달
★
5
",4.8
279,지코바는 그저 진리,★★★★★,순살양념（보통맛）/1,"
맛
★
5
양
★
5
배달
★
5
",4.39
280,맞은 좋은데 양이 좀 적어요,★★★★,순살양념（보통맛）/1,"
맛
★
5
양
★
4
배달
★
5
",2.79
281,맛있게 잘 먹었어요,★★★★★,"순살양념（순한맛）/1,공기밥 추가/1","
맛
★
5
양
★
5
배달
★
5
",4.8
282,완전 맛나요 ㅠ ,★★★★★,순살양념（보통맛）/1,"
맛
★
5
양
★
5
배달
★
5
",4.8
283,너무 맛있게 잘 먹었어요,★★★★★,순살양념（보통맛）/1,"
맛
★
5
양
★
5
배달
★
5
",5.0
284,배달도 생가보다 빨리 왔고친구가 맛있다고 해서 시켰는데 넘 맛있고 또 먹고싶은 맛있었어요,★★★★★,뼈 소금구이치킨/1,"
맛
★
5
양
★
5
배달
★
5
",5.0
285,맛있게 잘 먹었습니다,★★★★★,순살양념（보통맛）/1,"
맛
★
5
양
★
5
배달
★
5
",4.8
286,자주시켜 먹어도 최고 맛집 입니다,★★★★★,뼈 양념치킨（보통맛）/1,"
맛
★
5
양
★
5
배달
★
5
",4.6
287,맛있게 잘먹었습니다 ,★★★★★,순살양념（보통맛）/1,"
맛
★
5
양
★
5
배달
★
5
",5.0
288,맛있게 먹었습니다,★★★★★,순살양념（보통맛）/1,"
맛
★
5
양
★
5
배달
★
5
",4.59
289,양이 진짜 많아요맵기는 전보다 덜 매워진거같아요,★★★★★,순살양념（보통맛）/1,"
맛
★
5
양
★
5
배달
★
5
",3.4
290,리뷰이벤트 누락 ,★★★★,"순살양념（순한맛）/1,공기밥 추가/1","
맛
★
4
양
★
4
배달
★
4
",1.39
291,살살 녹습니다 너무 맛있어요,★★★★★,순살양념（매운맛）/1,"
맛
★
5
양
★
5
배달
★
0
",5.0
292,맛있게 잘먹었습니다,★★★★★,"순살양념（보통맛）/1,공기밥 추가/1","
맛
★
5
양
★
5
배달
★
5
",5.0
293,야들야들하고 떡사리서비스도 많습니다 좋아요 ㅎㅎㅎ,★★★★★,순살양념（보통맛）/1,"
맛
★
5
양
★
5
배달
★
5
",4.6
294,예상 시간보다 엄청 빨리왔어요순살에 가슴살이 섞여있다고해서 맛이 변했을까 걱정했는데 작게 잘려있다보니 퍽퍽한건 없었습니다오히려 식감에 변주를 줘서 좋은거 같아요ㅎㅎ치밥으로 잘먹었습니다,★★★★★,순살양념（보통맛）/1,"
맛
★
5
양
★
5
배달
★
5
",4.4
295,양념이 맛있어서 밥비벼 먹기 딱좋아요,★★★★★,순살양념（보통맛）/1,"
맛
★
5
양
★
5
배달
★
5
",4.39
296,맛있게  잘먹었습니다 ㅎㅎ,★★★★★,순살양념（매운맛）/1,"
맛
★
5
양
★
5
배달
★
5
",5.0
297,지코바가 치킨중에 최고인듯 합니다 ㅎㅎ,★★★★★,"순살양념（보통맛）/1,공기밥 추가/1","
맛
★
5
양
★
5
배달
★
5
",4.6
298,소금구이도 담백하게 맛있네요 분만에 다 먹어버렸습니다,★★★★★,순살양념（보통맛）/1,"
맛
★
5
양
★
5
배달
★
5
",4.8
299,양념이 너무 맛있어요,★★★★★,뼈 소금구이치킨/1,"
맛
★
5
양
★
5
배달
★
5
",4.79
300,맛잇게 잘 먹엇습니다,★★★★★,순살양념（보통맛）/1,"
맛
★
5
양
★
5
배달
★
5
",5.0
301,배달도 빠르고 양도 많은데조리를 잘못한건지 아니면 고기가 바뀐건지조각중에 운동할때 먹는 딱딱한 닭가슴살느낌 조각들이 있네요맛있게 먹다가 닭가슴살 조각들 씹으면 맛이 반감이되네요,★★★★,순살양념（보통맛）/1,"
맛
★
3
양
★
5
배달
★
5
",1.8
302,늘 맛있게 먹고있습니다,★★★★★,"순살소금구이치킨/1,순살양념（순한맛）/1,음료 대 변경/1","
맛
★
5
양
★
5
배달
★
5
",4.79
303,역시 양념 최고입니다,★★★★★,뼈 양념치킨（보통맛）/1,"
맛
★
5
양
★
5
배달
★
5
",4.8
304,역시 치밥치킨이네요 정말 마싯서요,★★★★★,순살양념（보통맛）/1,"
맛
★
5
양
★
5
배달
★
5
",4.8
305,맛있게 먹었습니다,★★★★★,순살양념（보통맛）/1,"
맛
★
5
양
★
5
배달
★
5
",4.59
306,존맛탱입니다 잘먹엇어요,★★★★★,뼈 양념치킨（매운맛）/1,"
맛
★
5
양
★
5
배달
★
5
",5.0
307,사장님도 친절하시고 맛있어요,★★★★★,순살양념（보통맛）/1,"
맛
★
5
양
★
5
배달
★
0
",5.0
308,배달도 빠르고 맛있어요,★★★★★,순살양념（보통맛）/1,"
맛
★
5
양
★
5
배달
★
5
",4.61
309,지코바는 언제나 사랑입니다 맛있어요,★★★★★,"순살양념（보통맛）/1,공기밥 추가/1,햇반/1","
맛
★
5
양
★
5
배달
★
5
",4.61
310,지코바 존맛 다음부턴 순한맛 먹어야겠어요 보통맛도 넘 매움 ㅠ,★★★★★,순살양념（보통맛）/1,"
맛
★
5
양
★
5
배달
★
5
",1.83
311,맛있게 잘 먹었습니다,★★★★★,순살양념（매운맛）/1,"
맛
★
5
양
★
5
배달
★
5
",4.8
312,짱맛있고 배달도 빨라요,★★★★★,"순살양념（순한맛）/1,콜라 1.25L/1","
맛
★
5
양
★
5
배달
★
5
",5.0
313,맛있게 잘먹었습니다,★★★★★,"순살양념（보통맛）/1,콜라 1.25L/1","
맛
★
5
양
★
5
배달
★
5
",5.0
314,막도 최고 사장님도 최고 양도 최고다시 먹고 싶어요 ㅎ,★★★★★,순살양념（보통맛）/1,"
맛
★
5
양
★
5
배달
★
0
",5.0
315,치밥은 역시 지코바 너무 맛있게 잘먹었어요,★★★★★,순살양념（보통맛）/1,"
맛
★
5
양
★
5
배달
★
5
",4.6
316,지코바 넘 맛있어요 ㅠ거리가 좀 있는데두 배달 예정시간보다 분 일찍왔어요배달두 빠르구 넘 좋와용,★★★★★,순살양념（보통맛）/1,"
맛
★
5
양
★
5
배달
★
5
",5.0
317,배달도 빠르고 정말 맛 있네요 ㅎㅎㅎ,★★★★★,순살양념（보통맛）/1,"
맛
★
5
양
★
5
배달
★
5
",4.8
318,처음 시키는데 단골예약이요,★★★★★,순살양념（보통맛）/1,"
맛
★
5
양
★
5
배달
★
5
",3.25
319,맛있게 잘 먹었습니다,★★★★★,순살양념（보통맛）/1,"
맛
★
5
양
★
5
배달
★
5
",4.8
320,맛있어요 밥과 함께 최고예요 배달도 너무 빨라서 놀랐어요,★★★★★,순살양념（보통맛）/1,"
맛
★
4
양
★
5
배달
★
5
",5.0
321,잘먹었습니다,★★★★★,순살양념（보통맛）/1,"
맛
★
5
양
★
5
배달
★
4
",5.0
322,치밥해서 먹으니깐 정말 맛나네요,★★★★★,"뼈 양념치킨（보통맛）/1,무 추가/1","
맛
★
5
양
★
5
배달
★
5
",4.6
323,맛있게 잘먹었습니다,★★★★★,뼈 양념치킨（보통맛）/1,"
맛
★
5
양
★
5
배달
★
5
",5.0
324,배달이 깜짝 놀랄 정도로 빠르게 왔고 맛있게 먹긴 했습니다다만 제가 매운 거 먹으면 배가 아파서 순한맛으로 항상 시키는데 매운맛으로 왔네요 ㅠㅠㅠ 그래서 지금 배아프네요 담에는 맛 잘봐주시면 감사하겠습니다,★★★★★,순살양념（순한맛）/1,"
맛
★
5
양
★
5
배달
★
5
",2.4
325,왜 치밥치밥하는지 알겠어요 밥 비벼서 같이 식사로 딱인거 같아요,★★★★★,순살양념（순한맛）/1,"
맛
★
5
양
★
5
배달
★
5
",3.2
326,맛있어요 배달오면서 양념 샌거 빼고는 점 만점,★★★★★,순살양념（보통맛）/1,"
맛
★
5
양
★
5
배달
★
4
",3.61
327,잘먹었습니다,★★★★★,순살양념（매운맛）/1,"
맛
★
5
양
★
5
배달
★
5
",5.0
328,역시 지코바네요 맛있습니다,★★★★★,순살양념（매운맛）/1,"
맛
★
5
양
★
5
배달
★
5
",4.61
329,늘 잘 먹고 있습니다,★★★★★,순살양념（보통맛）/1,"
맛
★
5
양
★
5
배달
★
5
",4.8
330,잘먹었습니다,★★★★★,"순살양념（보통맛）/1,무 추가/1","
맛
★
5
양
★
5
배달
★
5
",5.0
331,마싯어요 배달빨라용,★★★,뼈 양념치킨（보통맛）/1,"
맛
★
4
양
★
4
배달
★
4
",4.4
332,맛있어요 양념에 밥 비벼먹는대 최적입니다,★★★★★,순살양념（순한맛）/1,"
맛
★
5
양
★
5
배달
★
5
",4.59
333,맛있게 잘먹었습니다,★★★★★,순살양념（보통맛）/1,"
맛
★
5
양
★
5
배달
★
5
",5.0
334,넘흐맛있네욘 ㅠㅠㅠ 치밥 진리  지코바매운정도도 딱이구 살도 야들야들 부드러워용리뷰이벤트 섭스주신것도 잘먹엇습니달또 주문할게유 ,★★★★★,순살양념（보통맛）/1,"
맛
★
5
양
★
5
배달
★
5
",5.0
335,밥까지 뚝딱 한그릇 해치웠습니다,★★★★★,순살양념（순한맛）/1,"
맛
★
5
양
★
5
배달
★
5
",2.98
336,너무 잘먹었습니다,★★★★★,뼈 양념치킨（순한맛）/1,"
맛
★
5
양
★
5
배달
★
5
",5.0
337,지코바 양념소스 너무 맛있어요,★★★★★,"순살양념（순한맛）/1,공기밥 추가/1","
맛
★
5
양
★
5
배달
★
5
",4.6
338,맛있오욜,★★★★★,"순살양념（매운맛）/1,공기밥 추가/1","
맛
★
5
양
★
5
배달
★
5
",5.0
339,늘 맛있네요 양도 맛도,★★★★★,순살양념（매운맛）/1,"
맛
★
5
양
★
5
배달
★
5
",4.79
340,맛있어요다음엔 순살로 시켜야겠어요ㅠ,★★★★★,순살양념（순한맛）/1,"
맛
★
5
양
★
5
배달
★
5
",4.8
341,맛있게 잘먹었습니다,★★★★★,"순살양념（순한맛）/1,떡 추가/1","
맛
★
5
양
★
5
배달
★
5
",5.0
342,항상 맛있게 먹고 익어요,★★★★★,순살양념（순한맛）/1,"
맛
★
5
양
★
5
배달
★
5
",4.8
343,항상 잘 먹고있습니다 변함없는 맛 좋아요,★★★★★,순살양념（매운맛）/1,"
맛
★
5
양
★
5
배달
★
5
",4.8
344,치밥 정석입니다 전맛탱,★★★★★,순살양념（매운맛）/1,"
맛
★
5
양
★
5
배달
★
5
",5.0
345,금방와서 따시게 먹어요,★★★★★,순살양념（보통맛）/1,"
맛
★
5
양
★
5
배달
★
5
",4.61
346,맛있게 잘 먹었습니다,★★★★★,순살양념（매운맛）/1,"
맛
★
5
양
★
5
배달
★
5
",4.8
347,지금 뭐하세요코로 무슨 냄새안나세요바로 주문하세요식후감,★★★★★,순살양념（순한맛）/1,"
맛
★
5
양
★
5
배달
★
5
",1.2
348,개꿀맛 너무 좋아용,★★★★★,순살양념（보통맛）/2,"
맛
★
5
양
★
5
배달
★
5
",5.0
349,배달 빠르고 역시 치밥의 원조,★★★★★,순살양념（보통맛）/1,"
맛
★
5
양
★
5
배달
★
5
",3.78
350,맛있게 잘먹었습니다,★★★★★,순살양념（보통맛）/1,"
맛
★
5
양
★
5
배달
★
0
",5.0
351,든든하게 치밥 잘 먹었습니당보통맛도 좀 짭짤매콤하네용,★★★★★,순살양념（순한맛）/1,"
맛
★
5
양
★
5
배달
★
5
",4.6
352,맛있는 음식 보내주셔서 감사합니다,★★★★★,순살양념（매운맛）/1,"
맛
★
5
양
★
5
배달
★
5
",4.8
353,치밥하기도 좋고 불향도 많고 맛있어요,★★★★★,"순살양념（매운맛）/1,무 추가/1","
맛
★
5
양
★
5
배달
★
5
",4.59
354,역시 치밥엔 지코바맛있어요,★★★★★,순살양념（순한맛）/1,"
맛
★
5
양
★
5
배달
★
5
",4.61
355,맛있게 잘먹었습니다,★★★★★,순살양념（순한맛）/1,"
맛
★
5
양
★
5
배달
★
5
",5.0
356,맛있어요 다음에 또 시켜먹을게요,★★★★★,순살양념（보통맛）/1,"
맛
★
5
양
★
5
배달
★
5
",4.62
357,맛있게 잘 먹어서 행복합니다,★★★★★,"순살양념（순한맛）/1,즉석밥 추가/1","
맛
★
5
양
★
5
배달
★
5
",4.6
358,역시 치밥은 지코바식후감,★★★★★,"순살양념（보통맛）/1,공기밥 추가/1","
맛
★
5
양
★
5
배달
★
5
",4.59
359,항상 감사합니다맛있어요,★★★★★,순살양념（보통맛）/1,"
맛
★
5
양
★
5
배달
★
5
",4.61
360,맛있게 잘먹었습니다 근데 떡빼달라고했는데 안뺐네요 그래서 버렸어요,★★★★★,뼈 양념치킨（보통맛）/1,"
맛
★
5
양
★
5
배달
★
5
",4.21
361,항상 먹는 지코바지만 먹을때마다 맛있네요,★★★★★,순살양념（보통맛）/1,"
맛
★
5
양
★
5
배달
★
5
",4.6
362,맛잇게 잘먹엇습니다,★★★★★,순살양념（보통맛）/1,"
맛
★
5
양
★
5
배달
★
5
",5.0
363,맛있게 잘 먹었습니다,★★★★★,순살양념（보통맛）/1,"
맛
★
5
양
★
5
배달
★
5
",4.8
364,요청사항도 들어주시고 감사합니다 역시 맛나게 잘먹었습니다 ,★★★★★,순살양념（보통맛）/1,"
맛
★
5
양
★
5
배달
★
5
",5.0
365,맛있게 잘 먹었어요,★★★★★,순살양념（보통맛）/1,"
맛
★
5
양
★
5
배달
★
5
",4.8
366,맛있어요 ㅎㅎ 떡도 엄청 많아요 다음에 소금구이 먹어보려구요,★★★★★,순살양념（보통맛）/1,"
맛
★
5
양
★
5
배달
★
5
",5.0
367,처음시켜봤는데 너무 맛잇네요보통맛 안매울줄알았는데 살짝 맵네요ㅋㅋ 담에는 순한맛으로 시킬께요 배달도엄청 빠르고 좋아요 또 주문할께요,★★★★★,순살양념（보통맛）/1,"
맛
★
5
양
★
5
배달
★
5
",2.8
368,믿고먹는지코바 잘먹었습니드,★★★★★,순살양념（순한맛）/1,"
맛
★
5
양
★
5
배달
★
4
",4.79
369,양도많고 맛있어요,★★★★★,순살양념（순한맛）/1,"
맛
★
5
양
★
5
배달
★
5
",4.8
370,밥이랑 지코바는 진짜 환상의 조합,★★★★★,순살양념（순한맛）/1,"
맛
★
5
양
★
5
배달
★
5
",4.6
371,대존맛이었습니다 짱,★★★★★,순살양념（보통맛）/1,"
맛
★
5
양
★
5
배달
★
5
",4.81
372,너무 맛있게 잘 먹었습니다,★★★★★,순살양념（보통맛）/1,"
맛
★
5
양
★
5
배달
★
5
",5.0
373,맛있어요 잘 먹었습니다 ㅎㅎ식후감,★★★★★,순살양념（매운맛）/1,"
맛
★
5
양
★
5
배달
★
5
",5.0
374,지코바는 처음 먹어보는데 튀김치킨들 보다 훨씬 맛있는거같아요 다음에도 시켜먹으려 합니다 ㅎㅎ,★★★★★,순살양념（보통맛）/1,"
맛
★
5
양
★
5
배달
★
5
",4.4
375,맛은 좋고 잘 먹었는데 배달이 인성이 대박이네요 혹시나 연결 된다면 조치 좀 해주세요,★★★★,순살양념（보통맛）/1,"
맛
★
5
양
★
5
배달
★
1
",5.0
376,맛있어요 밥이랑 너무 잘맞아,★★★★★,"순살양념（순한맛）/1,공기밥 추가/3","
맛
★
5
양
★
5
배달
★
5
",4.8
377,역시맛있어요,★★★★★,순살양념（보통맛）/1,"
맛
★
5
양
★
5
배달
★
5
",5.0
378,배달 엄청 빨리 오네요 매운맛은 처음 도전 하는데 저한테 조금 맵네요 그런데 넘 맛있어요 진짜 밥 도둑,★★★★★,순살양념（보통맛）/1,"
맛
★
5
양
★
5
배달
★
5
",1.82
379,떡사리도 많고 맛있어요,★★★★★,순살양념（보통맛）/1,"
맛
★
5
양
★
5
배달
★
5
",4.61
380,너무 맛있게 잘 먹었습니다,★★★★★,순살양념（보통맛）/1,"
맛
★
5
양
★
5
배달
★
5
",5.0
381,잘 먹었습니다 감사합니다,★★★★★,"순살양념（보통맛）/1,콜라 1.25L/1","
맛
★
5
양
★
5
배달
★
5
",5.0
382,맛있게 잘 먹었습니다 배달도 빨라요,★★★★★,순살양념（보통맛）/1,"
맛
★
5
양
★
5
배달
★
5
",5.0
383,맛나용  잘 먹었습니다,★★★★★,순살양념（보통맛）/1,"
맛
★
5
양
★
5
배달
★
5
",5.0
384,맛있게 잘 먹었스니다오랜만에먹으니 더 맛있었어요,★★★★★,순살양념（순한맛）/1,"
맛
★
5
양
★
5
배달
★
5
",4.4
385,맛있어요 밥에 비벼먹으면 최고,★★★★★,순살양념（보통맛）/1,"
맛
★
5
양
★
5
배달
★
5
",4.59
386,지코바는 항상 진리입니다,★★★★★,"순살양념（보통맛）/1,무 추가/1","
맛
★
5
양
★
5
배달
★
5
",4.81
387,적당히 맵고 맛있습니다 치밥엔 지코바,★★★★★,순살양념（순한맛）/1,"
맛
★
5
양
★
5
배달
★
5
",4.8
388,맛있게 잘먹었습니다,★★★★★,순살양념（보통맛）/1,"
맛
★
5
양
★
5
배달
★
5
",5.0
389,역시 치밥의 원조,★★★★★,순살양념（보통맛）/1,"
맛
★
5
양
★
5
배달
★
5
",3.99
390,지코바 양념 맛있어요,★★★★★,순살양념（보통맛）/1,"
맛
★
5
양
★
5
배달
★
0
",4.6
391,순살 양념이 아주 맛있습니다,★★★★★,"순살양념（보통맛）/1,무 추가/1","
맛
★
5
양
★
5
배달
★
5
",4.8
392,순살양념이 아주 맛있습니다,★★★★★,뼈 양념치킨（보통맛）/1,"
맛
★
5
양
★
5
배달
★
5
",4.8
393,조아요 마싯어용ㅎㅎㅎㅎ배달도빠르고 배불러요자주이용할게용,★★★★,순살양념（보통맛）/1,"
맛
★
3
양
★
4
배달
★
4
",4.6
394,너무 맛있어요 애용하는 매장입니다,★★★★★,순살양념（보통맛）/1,"
맛
★
5
양
★
5
배달
★
5
",5.0
395,맛있게 먹었습니다,★★★★★,순살양념（보통맛）/1,"
맛
★
5
양
★
5
배달
★
5
",4.59
396,주지 말라고 말라고 해도 주는 치킨무 어떻게 해요 제발 요청사항좀 읽어요 제발요싸우자고 자꾸 주는 거에요 제발 부탁할게요 치킨무는 주지 마세요 제발요제 소원 이에요,★★★★★,순살양념（보통맛）/1,"
맛
★
5
양
★
5
배달
★
5
",1.58
397,잘먹엇습니다 맛잇에요 역시,★★★★★,뼈 양념치킨（보통맛）/1,"
맛
★
5
양
★
5
배달
★
5
",5.0
398,말이필요없이 맛잇습니다,★★★★★,순살양념（보통맛）/1,"
맛
★
5
양
★
5
배달
★
5
",4.8
399,지코바는 점바점이라더니  여기가 바로 그 지점 같습니다 진짜 맛잇다,★★★★★,"순살양념（보통맛）/1,공기밥 추가/1","
맛
★
5
양
★
5
배달
★
5
",5.0
400,지코바 존맛 떡사리도 굿이에요,★★★★★,뼈 양념치킨（보통맛）/1,"
맛
★
5
양
★
5
배달
★
0
",4.8
401,정말 맛있습니다밥이랑 치킨이랑 같이 먹는게 이렇게 어울릴거라곤 생각 못했을 정도로 대만족입니다사진 등록에 찍은 사진이 표시가 안되네요,★★★★★,순살양념（보통맛）/1,"
맛
★
5
양
★
5
배달
★
5
",4.81
402,먹다가 찍었습니다 양념이 아주 맛있어요 떡사리에 양념이 잘 배어서 맛있습니다,★★★★★,"순살양념（보통맛）/1,공기밥 추가/1","
맛
★
5
양
★
5
배달
★
5
",4.79
403,배달 진짜 엄청 빨리왔어요 그리고 엄청 맛있게 잘먹었습니당 양 넉넉해요,★★★★★,순살양념（보통맛）/1,"
맛
★
5
양
★
5
배달
★
5
",4.81
404,순한맛도 맛있읍니다 ,★★★★★,순살양념（보통맛）/1,"
맛
★
5
양
★
5
배달
★
5
",4.8
405,맛있게 잘 먹었습니다,★★★★★,순살양념（순한맛）/1,"
맛
★
5
양
★
5
배달
★
5
",4.8
406,맛있게 잘먹었어요맵찔이에게 딱 맞는 맵기밥 하기 귀찮았는데 흑미밥 덕분에 더 맛있게 먹었어요,★★★★★,순살양념（보통맛）/1,"
맛
★
5
양
★
5
배달
★
5
",3.59
407,오랜만에 먹어도 맛있네요잘먹었습니다,★★★★★,순살양념（보통맛）/1,"
맛
★
5
양
★
5
배달
★
5
",4.2
408,소스가 좀 부족했지만 괜찮았습니다,★★★★★,순살양념（순한맛）/1,"
맛
★
5
양
★
5
배달
★
5
",3.16
409,사진이 흔들렸네용 ㅠ맛있게잘먹었습니당 보통맛인데 꽤 매콤해요 ㅎㅎ떡 추가 안했는데 많네용 밥에비벼먹으니까 더 맛있어요,★★★★★,순살양념（보통맛）/1,"
맛
★
5
양
★
5
배달
★
0
",4.39
410,엄청빨리왔고 맛도 최곱니다,★★★★★,순살양념（매운맛）/1,"
맛
★
5
양
★
5
배달
★
5
",5.0
411,소스적습니다따로 요청해야되나요,★★★,순살양념（순한맛）/1,"
맛
★
3
양
★
3
배달
★
3
",3.78
412,요즘 최애 치킨 치밥으로 먹기 좋아요,★★★★★,"순살양념（보통맛）/1,떡 추가/1","
맛
★
5
양
★
5
배달
★
5
",4.21
413,항상  맛나요,★★★★★,순살양념（순한맛）/1,"
맛
★
5
양
★
5
배달
★
5
",5.0
414,맞은 괜찮은데 양은 좀 작다,★★★★★,"순살양념（순한맛）/1,공기밥 추가/1","
맛
★
5
양
★
4
배달
★
5
",2.03
415,자주 시켜먹는 지점입니다 맛이나 양도 만족해요,★★★★★,순살양념（순한맛）/1,"
맛
★
5
양
★
5
배달
★
5
",4.41
416,믿음의 지코바 또 시켜먹을거에요,★★★★★,순살양념（보통맛）/1,"
맛
★
5
양
★
5
배달
★
5
",4.81
417,떡많이주셔서 넘 조아용 맛있어요,★★★★★,순살양념（보통맛）/1,"
맛
★
5
양
★
5
배달
★
5
",4.8
418,맛있어용배달도 빨리왔어요옹,★★★★★,"순살소금구이치킨/1,공기밥 추가/1","
맛
★
5
양
★
5
배달
★
5
",4.8
419,너무 맛나게 잘 먹었어용언제 먹어도 맛나고 가끔 생각나는 지코바,★★★★★,"순살양념（보통맛）/1,떡 추가/1","
맛
★
5
양
★
5
배달
★
5
",4.6
420,퇴근 후 치밥이 땡기자마자 떠오른 지코바역시 절대 후회안하는 맛이에요끼동안 맛있게 먹었습니다ㅎㅎ,★★★★★,순살양념（매운맛）/1,"
맛
★
5
양
★
5
배달
★
5
",4.61
421,평소에 많이 시켜먹는데 오늘은 너무 실망스러웠습니다 고기를 만들어놓은걸 너무 쫄여서 그런건지 아니면 조리 실수를 하신건지 몇개는 타서오고 얼마나 쫄였으면 양념 국물이 거의 없는 수준이라서 양념을 많이 묻혀먹지도 못해서 맛이 매번 먹던것보다 맛이 없었습니다 무엇보다 한번도 고기에서 탄맛을 느껴본적 없었는데 탄맛이 느껴진게 너무 실망했습니다 맘같아선 별점 두개주고싶은데 가게별점내려가니 참고 담에 시킬땐 맛있게 해주시길 바랍니다 제 점수는요 점 드리도록하겠습니다 까치보시고 새해복 많이 받으시길바랍니다 까악까악까악 그럼이만 수고,★★★★★,뼈 양념치킨（보통맛）/1,"
맛
★
5
양
★
5
배달
★
5
",1.59
422,맛있어요 다음에 떡 추가해서 먹어야겠음ㅠㅠ,★★★★★,순살양념（보통맛）/1,"
맛
★
5
양
★
5
배달
★
5
",5.0
423,너무 맛있게 잘먹었습니다,★★★★★,뼈 양념치킨（보통맛）/1,"
맛
★
5
양
★
5
배달
★
5
",5.0
424,먹는데 너무 급히 먹다보니 좀 먹은 사진을 보냈네요 ㅋㅋ 그만큼 최곱니다,★★★★★,"순살양념（보통맛）/1,콜라 1.25L/1","
맛
★
5
양
★
5
배달
★
5
",3.4
425,역시 맛있습니다 이벤트도 감사합니다,★★★★★,뼈 양념치킨（매운맛）/1,"
맛
★
5
양
★
5
배달
★
5
",4.8
426,치킨 유목민 정착했습니다튀기지 않아 건강하고 깔끔합니다양도 많고 요청대로 소스도 넉넉히 넣어주셨어요지코바 최고입니다 사장님 번창하세요,★★★★★,뼈 양념치킨（순한맛）/1,"
맛
★
5
양
★
5
배달
★
5
",5.0
427,믿고 먹는 지코바입니다배달도 무진장 빠르고 밑에 소스도 자작자작하게있어밥 비벼먹기 좋았습니다,★★★★★,"순살소금구이치킨/1,순살양념（순한맛）/1","
맛
★
5
양
★
5
배달
★
5
",4.81
428,지코바 너무 맛있어요,★★★★★,순살양념（보통맛）/1,"
맛
★
5
양
★
5
배달
★
5
",4.8
429,배 터질 것 같아요 지코바는 독산호점,★★★★★,순살양념（순한맛）/1,"
맛
★
5
양
★
5
배달
★
5
",2.8
430,맛있게 잘 먹었습니다,★★★★★,순살양념（순한맛）/1,"
맛
★
5
양
★
5
배달
★
5
",4.8
431,맛있게 잘 먹었습니다,★★★★★,순살양념（순한맛）/1,"
맛
★
5
양
★
5
배달
★
5
",4.8
432,맛있게 잘 먹었습니다,★★★★★,뼈 양념치킨（보통맛）/1,"
맛
★
5
양
★
5
배달
★
5
",4.8
433,맛있어요 치밥해먹으면 존맷,★★★★★,순살양념（순한맛）/1,"
맛
★
5
양
★
5
배달
★
5
",4.6
434,맛있게잘 먹었습니다,★★★★★,순살양념（보통맛）/1,"
맛
★
5
양
★
5
배달
★
5
",5.0
435,역시 지코바 치밥,★★★★★,뼈 양념치킨（보통맛）/1,"
맛
★
5
양
★
5
배달
★
5
",4.39
436,매운거 못먹어서 보통맛했는데 전혀 맵지않고 좋았어요 배달도 빠르고 너무 맛있었습니다,★★★★★,뼈 양념치킨（보통맛）/1,"
맛
★
5
양
★
5
배달
★
5
",2.99
437,적당히 맵고 맛있게 잘 먹었습니다 밥이랑 같이 먹었어요,★★★★★,순살양념（순한맛）/1,"
맛
★
5
양
★
5
배달
★
5
",4.59
438,리뷰 썼는 줄 알았는데 늦었네요 양이 많아서 반은 볶았먹었는데 이또한 꿀맛  잘 먹었습니다,★★★★★,순살양념（매운맛）/1,"
맛
★
5
양
★
5
배달
★
5
",4.6
439,어릴때부터 지코바 먹었는데 지코바에서 닭냄새 난적은 첨이에요,★★★,순살양념（보통맛）/1,"
맛
★
2
양
★
5
배달
★
5
",2.18
440,진짜맛잇어요퓨ㅠㅠㅠ,★★★★★,순살양념（보통맛）/1,"
맛
★
5
양
★
5
배달
★
5
",5.0
441,빨리왔어여 굿 잘먹을게요,★★★★★,"순살양념（매운맛）/1,떡 추가/1,음료 대 변경/1","
맛
★
5
양
★
5
배달
★
5
",4.8
442,지코바 역시 언제 시켜도 맛나고 배달도 빨랐어요 잘먹었슴니다,★★★★★,뼈 양념치킨（보통맛）/1,"
맛
★
5
양
★
5
배달
★
5
",4.8
443,맛있게잘먹었습니다,★★★★★,"순살양념（순한맛）/1,순살양념（보통맛）/1","
맛
★
5
양
★
5
배달
★
5
",5.0
444,맛있어요 밥이랑 먹기 딱,★★★★★,순살양념（보통맛）/1,"
맛
★
5
양
★
5
배달
★
5
",4.8
445,맛있게잘먹었습니다식후감힘내세요,★★★★★,뼈 양념치킨（보통맛）/1,"
맛
★
5
양
★
5
배달
★
5
",5.0
446,처음 먹어는데 제 입맛에 맞네요 다음에도 맛있게 부탁할게요,★★★★★,순살양념（보통맛）/1,"
맛
★
5
양
★
5
배달
★
5
",4.81
447,지코바 간만에 먹었어요 원래 좋아했던 치킨인데 이사오면서 가까히 있지 않아서 멀어진 거 같네요 가까운 곳에 있어서 옛 감성으로 먹어 봤네요 맛있었습니다식후감힘내세요,★★★★★,순살양념（보통맛）/1,"
맛
★
5
양
★
5
배달
★
5
",3.83
448,굿,★★★★★,순살양념（보통맛）/1,"
맛
★
5
양
★
5
배달
★
5
",4.2
449,잘먹었어영  ,★★★★★,순살양념（매운맛）/1,"
맛
★
5
양
★
5
배달
★
5
",5.0
450,배달 빠르고 맛 좋고 조만간 다시 주문 하겠습니다,★★★★★,뼈 양념치킨（보통맛）/1,"
맛
★
5
양
★
5
배달
★
5
",5.0
451,맛잇어요 다음에 또 먹을게요,★★★★★,순살양념（순한맛）/1,"
맛
★
5
양
★
5
배달
★
5
",4.62
452,잘먹었습니다,★★★★★,뼈 양념치킨（보통맛）/1,"
맛
★
5
양
★
5
배달
★
5
",5.0
453,치밥은 역시 지코바,★★★★★,순살양념（보통맛）/1,"
맛
★
5
양
★
5
배달
★
5
",4.6
454,항상 잘먹고있습니다,★★★★★,뼈 양념치킨（보통맛）/1,"
맛
★
5
양
★
5
배달
★
5
",5.0
455,배달도 빠르게왔네요맛있게 먹었습니다,★★★★★,순살양념（매운맛）/1,"
맛
★
5
양
★
5
배달
★
5
",4.4
456,맛있게 잘 먹었습니다,★★★★★,뼈 양념치킨（보통맛）/1,"
맛
★
5
양
★
5
배달
★
5
",4.8
457,역시 지코바 굿굿,★★★★★,순살양념（보통맛）/1,"
맛
★
5
양
★
5
배달
★
5
",5.0
458,주기적으로 먹습니다 보통맛 주문했는데 평소보다 매콤했어요 맛있습니다,★★★★★,뼈 소금구이치킨/1,"
맛
★
5
양
★
4
배달
★
4
",4.22
459,맛있어요 대박 매콤하고 굿,★★★★★,"순살양념（보통맛）/1,햇반/1,배달 생맥주 1000cc/1","
맛
★
5
양
★
5
배달
★
5
",5.0
460,처음시켜봤는데 위에 싱거워서 순한맛이라 싱겁나했더니 양념이 밑으로 내려가서 없어서싱겁더라구요 밑에서부터먹어야겠네요 맛있게 잘먹었어요,★★★★★,뼈 양념치킨（보통맛）/1,"
맛
★
5
양
★
5
배달
★
5
",1.6
461,역시 맛잇어요,★★★★★,순살양념（보통맛）/1,"
맛
★
5
양
★
5
배달
★
5
",4.8
462,맛있게 잘 먹었습니다,★★★★★,"순살소금구이치킨/1,순살양념（순한맛）/1","
맛
★
5
양
★
5
배달
★
5
",4.8
463,맛있어요 양념이 약간 모잘라서 아쉬웠네요,★★★★★,순살양념（보통맛）/1,"
맛
★
5
양
★
5
배달
★
5
",3.58
464,맛있게 잘먹었습니다 양도 풍족하고 굿,★★★★★,"순살양념（순한맛）/1,배달 생맥주 1000cc/1","
맛
★
5
양
★
5
배달
★
5
",5.0
465,스스고이 지코바상 양녀무순살와 소프트데스,★★★★★,순살양념（보통맛）/1,"
맛
★
5
양
★
5
배달
★
5
",1.81
466,양도 많고 맛도 좋아서 늘 잘먹고 있어요,★★★★★,순살양념（보통맛）/1,"
맛
★
5
양
★
5
배달
★
5
",4.79
467,맛있게 잘 먹었습니다,★★★★★,순살양념（보통맛）/1,"
맛
★
5
양
★
5
배달
★
5
",4.8
468,나쁘지않아요 멋있었어요,★★★★★,순살양념（순한맛）/1,"
맛
★
5
양
★
5
배달
★
5
",4.2
469,점심시간에 지코바땡겨서 주문해봤는데 이른시간에 오픈하셔서 맛있게먹있어요   낮에먹어도 맛있네용 ㅋㅋ,★★★★★,순살양념（보통맛）/1,"
맛
★
5
양
★
5
배달
★
5
",4.4
470,잘먹었습니다 사압번창하세요,★★★★★,순살양념（보통맛）/1,"
맛
★
5
양
★
4
배달
★
5
",4.8
471,지코바 짱 맛있어요 ,★★★★★,뼈 양념치킨（보통맛）/1,"
맛
★
5
양
★
5
배달
★
5
",4.8
472,너무 맛있게 먹었습니다 매운맛이 진짜 맛나요ㅠ,★★★★★,순살양념（매운맛）/1,"
맛
★
5
양
★
5
배달
★
5
",5.0
473,최근 바쁘게 살아서 내일이 크리스마스인지 오늘이 이브날인지도 모르고 살다가 뭔가 맛있는거 먹고 싶은 생각에 지코바 먹어야지생각해서 시켜봤습니다 고향에 지코바가 없어서 나중에 사는곳 근처에 지코바 있으면 시켜먹어봐야지 했는데 오늘 처음 먹어보고 와 너무 맛있어서 놀랐습니다 왜 사람들이 지코바 지코바하는줄 알겠습니다 배달도 분 걸린데서 녹강들으면서 기다려야지 했는데 분도 안 되서 도착하고 너무 만족스럽습니다 코로나조심하시고 번창하세요 다음에 또 주문하겠습니다 다음에는 소금구이로 ㅎㅎ,★★★★★,"순살양념（보통맛）/1,햇반/1,무 추가/1","
맛
★
5
양
★
5
배달
★
5
",2.0
474,맛있어요 ㅎㅎㅎ 배달도 빨라요,★★★★★,순살양념（보통맛）/1,"
맛
★
5
양
★
5
배달
★
5
",4.8
475,우리 꼬맹이들이 엄청 좋아해요맛있게 잘 먹었습니다,★★★★★,순살양념（순한맛）/1,"
맛
★
5
양
★
5
배달
★
5
",4.8
476,배달 분만에왔더용,★★★★★,순살양념（매운맛）/1,"
맛
★
5
양
★
5
배달
★
5
",4.58
477,배달이 엄청 빠르고맛있어요서비스로 주신 떡도 많아요,★★★★★,순살양념（매운맛）/1,"
맛
★
5
양
★
5
배달
★
5
",5.0
478,맛있어요마요네즈는 안주시나봐요,★★★★★,순살양념（순한맛）/1,"
맛
★
4
양
★
5
배달
★
5
",3.22
479,맛있게 잘먹었습니다,★★★★★,뼈 양념치킨（보통맛）/1,"
맛
★
5
양
★
5
배달
★
5
",5.0
480,밥이랑 같이 먹으니 맛있네요 다음에 또 주문하겠습니다,★★★★★,뼈 양념치킨（보통맛）/1,"
맛
★
5
양
★
5
배달
★
5
",4.59
481,배달시간 붐 걸린다길래 분 생각하고 주문했는데 거의 분만에 와서 당황했어요 나가기 전 먹으려던건데 넘 빨리와서 ㅠ 그래도 짭쪼름하니 넘 맛있게 잘 먹었습니다,★★★★★,순살양념（보통맛）/1,"
맛
★
5
양
★
5
배달
★
4
",2.01
482,저번에 시켰을때보다 묽어진것같지만 여전히 맛있어요,★★★★★,순살양념（보통맛）/1,"
맛
★
5
양
★
5
배달
★
5
",4.79
483,맛잇엇어요 많이파세요,★★★★★,순살양념（보통맛）/1,"
맛
★
5
양
★
5
배달
★
5
",4.8
484,세 살 버릇 여든까지 간다 그랬던가 내가 어릴 때부터 우리 집은 치킨 시킬 때 꼭 뼈 있는 걸로 주문했다그건 한 마리를 다 잡아먹은 걸 눈으로 확인해야 하는 잔인함 때문도 먹이사슬의 최상위에 있는 우월감을 누리고자 하는 욕구 때문도 아니었다그냥 그 시절에는 순살이라는 선택지가 없었기 때문이었다시대가 이렇게 바뀌었는데도 난 여전히 순살을 치킨 너겟으로 매도하는 도태됨을 지니고 있다는 사실을 직면한 순간 재주문이 머지 않았다는 것을 깨달았다다음에는 순살로 시켜야지 지코바는 순살이 진리야 그래도 맛있었어식후감,★★★★★,순살양념（보통맛）/1,"
맛
★
5
양
★
5
배달
★
0
",1.79
485,맛있었습니다 항상 잘먹었,★★★★★,순살양념（보통맛）/1,"
맛
★
5
양
★
5
배달
★
5
",4.8
486,맛있게 잘 먹었습니다,★★★★★,순살양념（매운맛）/1,"
맛
★
5
양
★
5
배달
★
5
",4.8
487,맛있어서 친구한테 추천했어요,★★★★★,"순살양념（보통맛）/1,공기밥 추가/2,무 추가/1","
맛
★
5
양
★
5
배달
★
5
",4.81
488,맛있어서 진짜 자주 주문하는 지코바 독산호점 추천해요,★★★★★,순살양념（보통맛）/1,"
맛
★
5
양
★
5
배달
★
5
",4.79
489,보통맛만 먹던 아들이 매운맛도전밥 한공기와 맵다면서 잘먹고 있네요서비스 떡사리 넉넉히 넣어주셔서 맛있게  먹었네요빠른배송 감사해요 ,★★★★★,"순살양념（보통맛）/1,콜라 500ml/1","
맛
★
5
양
★
5
배달
★
5
",4.4
490,양도 많고 정말 맛있어요 잘먹었습니다,★★★★★,"뼈 양념치킨（보통맛）/1,무 추가/1","
맛
★
5
양
★
5
배달
★
5
",5.0
491,맛도 물론 맛있었고 양도 무지 많았어여 떡사리는 무료로 더 추가해주시고  음료 또한 잘 받아서 맛있게 잘 먹었어요 ,★★★★★,"순살소금구이치킨/1,순살양념（보통맛）/1","
맛
★
5
양
★
5
배달
★
5
",5.0
492,담백하고 냄새없이 쫄깃쫄깃하고 맛있게 잘먹었습니다,★★★★★,순살양념（보통맛）/1,"
맛
★
5
양
★
5
배달
★
5
",4.61
493,아주 맛맀게 먹엇습니다,★★★★★,순살양념（보통맛）/1,"
맛
★
5
양
★
5
배달
★
5
",4.4
494,항상  맛있게 잘먹고있어요 배달빠르고맛있어요,★★★★★,순살양념（순한맛）/1,"
맛
★
5
양
★
5
배달
★
5
",4.81
495,맛있게 매운맛 순살이 전부 닭다리살이라 좋아요 주말 저녁 시간인데오 배달도 빠르네요 맛있게 잘 먹었습니다 ,★★★★★,뼈 소금구이치킨/1,"
맛
★
5
양
★
5
배달
★
5
",4.4
496,소금구이는 껍질은 바삭하고 살은 쫀득 담백하니 좋았구요 양념은 적당히 매콤하고 달달하니 맛있었어요 양념바베큐는 역시 지코바죠,★★★★★,뼈 양념치킨（보통맛）/1,"
맛
★
5
양
★
5
배달
★
5
",4.8
497,믿고 먹는 지코바역시 맛있습니다,★★★★★,"순살양념（보통맛）/1,떡 추가/1,무 추가/1","
맛
★
5
양
★
5
배달
★
5
",4.8
498,일단 요기요 배달주문 하며 배달 출발했다는 톡은 처음 받아 봅니다 분 출발했는 분이 됐는데 안와서 혹시 문앞을 확인해보니 가볍게 노크 부탁 드렸는데 그냥 조용히 놔두고 조용히 갔네요 음식이 많이 식었네요  이거빼면 맛과 서비스는 굉장히 만족합니다 양도 그렇고 맛있어요 ,★★★★★,순살양념（순한맛）/1,"
맛
★
5
양
★
5
배달
★
1
",1.0
499,치밥 다양하게 먹어봤지만 역시 최고는지코바이네요ㅎ흑미밥도 맛있어요ㅎ,★★★★★,"순살양념（보통맛）/1,떡 추가/1","
맛
★
5
양
★
5
배달
★
5
",4.8
500,배달도 빠르고 맛있게 잘먹었습니다,★★★★★,순살양념（보통맛）/1,"
맛
★
5
양
★
5
배달
★
5
",5.0
501,배달도 빠르고 따뜻하게 잘 먹었습니다떡사리도 양 진짜 많았어요지코바 처음먹어보는데 맛있었습니다추천,★★★★★,순살양념（매운맛）/1,"
맛
★
5
양
★
5
배달
★
5
",5.0
502,배송도 빠르고 떡도 있고 맛있고 배송도 빠르고 이벤트도 있어서 좋아요,★★★★★,순살양념（보통맛）/1,"
맛
★
5
양
★
5
배달
★
5
",4.21
503,역시 지코바는 여기입니다 정착합니다 너무너무 맛있게 잘먹었습니다 또 시킬게요,★★★★★,순살양념（보통맛）/2,"
맛
★
5
양
★
5
배달
★
5
",5.0
504,맛있게 잘 먹었습니다,★★★★★,뼈 양념치킨（보통맛）/1,"
맛
★
5
양
★
5
배달
★
5
",4.8
505,너무 맛있어요 살짝 맵긴하지만 못먹을 느낌은 아니고 양념도 적당하고 양도 많아서 만족스러워요,★★★★★,순살양념（보통맛）/1,"
맛
★
5
양
★
5
배달
★
5
",4.6
506,역시 지코바입니다,★★★★★,뼈 양념치킨（보통맛）/1,"
맛
★
5
양
★
5
배달
★
5
",4.14
507,맛있어욤,★★★★★,순살양념（순한맛）/1,"
맛
★
5
양
★
5
배달
★
5
",4.6
508,생각보다 양도 많고 배달도 빨리와서 좋았습니다 잘먹었습니다,★★★★★,순살양념（보통맛）/1,"
맛
★
5
양
★
5
배달
★
5
",5.0
509,양이 많고 맛있어용,★★★★★,순살양념（매운맛）/1,"
맛
★
5
양
★
5
배달
★
5
",4.8
510,맛있게 맵네요 맛있어요,★★★★★,순살양념（보통맛）/1,"
맛
★
5
양
★
5
배달
★
5
",5.0
511,맛잉어요,★★★★★,순살양념（보통맛）/1,"
맛
★
5
양
★
5
배달
★
5
",4.8
512,빨리와서 좋았고맛있었습니다,★★★★★,순살양념（보통맛）/1,"
맛
★
5
양
★
5
배달
★
5
",5.0
513,너무 맛있었어요,★★★★★,순살양념（보통맛）/1,"
맛
★
5
양
★
5
배달
★
5
",5.0
514,엄청 빨리왔네요맛있었습니다,★★★★★,뼈 양념치킨（보통맛）/1,"
맛
★
5
양
★
5
배달
★
5
",4.8
515,맛있게 잘 먹었습니다,★★★★★,뼈 양념치킨（매운맛）/1,"
맛
★
5
양
★
5
배달
★
5
",4.8
516,너무 맛있네요 지코바를 이제 처음 시키는데 너무 맛있어요 단골되렵니다 떡사리 추가도 많이 주셔서 배부르게 먹었습니다,★★★★★,"뼈 양념치킨（보통맛）/1,무 추가/1","
맛
★
5
양
★
5
배달
★
5
",4.8
517,너무 맛있어요,★★★★★,순살양념（보통맛）/1,"
맛
★
5
양
★
5
배달
★
0
",5.0
518,맛있게 잘 먹었습니다,★★★★★,순살양념（보통맛）/1,"
맛
★
5
양
★
5
배달
★
5
",4.8
519,잘먹었습니다,★★★★,순살양념（순한맛）/1,"
맛
★
5
양
★
3
배달
★
4
",5.0
520,역시 밥 반찬입니다 ㅎㅎ,★★★★★,"순살양념（보통맛）/1,배달 생맥주 1000cc/1","
맛
★
5
양
★
5
배달
★
5
",3.99
521,양도 많고 ㅋㅋㅋㅋㅋ 서비스도 많이 주셔서 잘 먹었습니다  밥도 뜨듯하게 주시고 지코바는 독산점에서 꼭 시켜먹을게요,★★★★★,순살양념（보통맛）/1,"
맛
★
5
양
★
5
배달
★
5
",5.0
522,지코바 역시 개꿀맛,★★★★★,순살양념（보통맛）/1,"
맛
★
5
양
★
5
배달
★
5
",4.81
523,맛있는 음식 감사합니다,★★★★★,순살양념（순한맛）/1,"
맛
★
5
양
★
5
배달
★
5
",4.8
524,맛있어요 진짜 담에 또 꼭 시켜먹을게요,★★★★★,"뼈 양념치킨（보통맛）/1,공기밥 추가/1","
맛
★
5
양
★
5
배달
★
5
",4.81
525,항상 맛나게 먹습니당 지코바 너무 맛있는데 뭔가 건강한 맛이에요,★★★★★,순살양념（순한맛）/1,"
맛
★
5
양
★
5
배달
★
5
",4.8
526,너무 맛있어요 지코바는 이곳이 최고,★★★★★,순살양념（보통맛）/1,"
맛
★
5
양
★
5
배달
★
5
",5.0
527,귿굳 맛있에 잘먹엇습니다,★★★★★,"순살양념（보통맛）/1,떡 추가/1","
맛
★
5
양
★
5
배달
★
5
",5.0
528,굿굿 너무 맛있어요,★★★★★,순살양념（보통맛）/1,"
맛
★
5
양
★
5
배달
★
5
",5.0
529,간이 적당하고 맛있었습니다 담백해서 좋았습니다 배송도 빨라서 좋았어요,★★★★★,"순살양념（보통맛）/1,콜라 1.25L/1","
맛
★
5
양
★
5
배달
★
5
",4.8
530,아주 좋아요맛나요술 한잔하기 좋아요,★★★★★,순살양념（보통맛）/1,"
맛
★
5
양
★
5
배달
★
5
",5.0
531,항상 맛있게 먹고 있습니다다른 곳보다 더 맛나요,★★★★★,"순살양념（순한맛）/1,햇반/1","
맛
★
5
양
★
5
배달
★
5
",4.8
532,맛있게 잘 먹었습니다,★★★★★,순살양념（보통맛）/1,"
맛
★
5
양
★
5
배달
★
5
",4.8
533,항상 맛있게 잘 먹고 있습니다,★★★★★,순살양념（보통맛）/1,"
맛
★
5
양
★
5
배달
★
5
",4.8
534,항상 맛있어요,★★★★★,순살양념（보통맛）/1,"
맛
★
5
양
★
5
배달
★
5
",4.8
535,맛도 좋고 서비스 잘 받았어요,★★★★★,뼈 양념치킨（보통맛）/1,"
맛
★
5
양
★
5
배달
★
5
",4.81
536,회사 지인소개로 처음시켜먹는데진짜 맛있네요,★★★★★,순살양념（보통맛）/1,"
맛
★
5
양
★
5
배달
★
5
",5.0
537,배달시간이 예상시간보다 빠르고 양도넉넉하고 맛있어요,★★★★★,뼈 양념치킨（보통맛）/1,"
맛
★
5
양
★
5
배달
★
5
",4.0
538,맛있어요 다음에 또 시켜먹을게요,★★★★★,뼈 양념치킨（보통맛）/1,"
맛
★
5
양
★
5
배달
★
5
",4.62
539,맛있게 잘 먹었습니다,★★★★★,순살양념（순한맛）/1,"
맛
★
5
양
★
5
배달
★
5
",4.8
540,항상맛있게 먹고있어용,★★★★★,뼈 양념치킨（보통맛）/1,"
맛
★
5
양
★
5
배달
★
5
",4.8
541,맛있게 잘 먹었습니다,★★★★★,"순살양념（보통맛）/1,공기밥 추가/1","
맛
★
5
양
★
5
배달
★
5
",4.8
542,너무 맛있습니다,★★★★★,순살양념（순한맛）/1,"
맛
★
5
양
★
5
배달
★
0
",5.0
543,왕창 매워  하아아 매운거 조아,★★★★★,뼈 양념치킨（보통맛）/1,"
맛
★
5
양
★
5
배달
★
5
",3.44
544,오늘도 맛있게 잘먹었어요,★★★★★,뼈 양념치킨（보통맛）/1,"
맛
★
5
양
★
5
배달
★
5
",5.0
545,정말 맛있게잘먹었습니다ㅎㅎ 밥도 너무맛있고 양도많구 좋아요ㅠㅠ,★★★★★,순살양념（보통맛）/1,"
맛
★
5
양
★
5
배달
★
5
",5.0
546,너무마있었습니다리뷰이벤트 까지,★★★★★,순살양념（보통맛）/1,"
맛
★
5
양
★
5
배달
★
0
",3.0
547,배달 빠르고 맛있습니다,★★★★★,"순살소금구이치킨/1,배달 생맥주 1000cc/1","
맛
★
5
양
★
5
배달
★
5
",4.4
548,늘 맛있게 잘 먹고있어요,★★★★★,순살양념（순한맛）/1,"
맛
★
5
양
★
5
배달
★
5
",4.79
549,진짜 맛있고 배달정말빨라요,★★★★★,순살양념（보통맛）/1,"
맛
★
5
양
★
5
배달
★
5
",5.0
550,항상 맛있습니다 감사합니다,★★★★★,뼈 소금구이치킨/1,"
맛
★
5
양
★
5
배달
★
5
",5.0
551,치밥의원조 한식스러운 밥반찬치킨이네요 너무맛있게 먹었습니다 양도 짱많아요,★★★★★,"순살양념（보통맛）/1,공기밥 추가/1,캔사이다추가/1","
맛
★
5
양
★
5
배달
★
5
",4.6
552,잘먹었어요 매콤한게 생각날때 시켜요  ㅎㅎ,★★★★★,"순살양념（보통맛）/1,햇반/1,무 추가/1","
맛
★
5
양
★
5
배달
★
5
",4.81
553,맛있게 잘먹었습니다,★★★★★,뼈 양념치킨（매운맛）/1,"
맛
★
5
양
★
5
배달
★
5
",5.0
554,배달도빠르고 너무맛있어용ㅠㅠ,★★★★★,순살양념（보통맛）/1,"
맛
★
5
양
★
5
배달
★
5
",5.0
555,지코바 첨시켰는데 양념 끝네주세요 맛있어요,★★★★★,순살양념（보통맛）/1,"
맛
★
5
양
★
5
배달
★
5
",4.8
556,지코바 믿고 먹는 늘 한결같은,★★★★★,순살양념（보통맛）/1,"
맛
★
5
양
★
4
배달
★
3
",4.81
557,역시 지코바 치킨 맛 좋고사장님 서비스 짱 좋고배송까지 빠르고완전 강추,★★★★★,순살양념（매운맛）/1,"
맛
★
5
양
★
5
배달
★
5
",5.0
558,먹을때마다 맛있네요,★★★★★,순살양념（보통맛）/1,"
맛
★
5
양
★
5
배달
★
5
",4.6
559,맛있게 잘 먹었습니다,★★★★★,"순살양념（순한맛）/1,떡 추가/1","
맛
★
5
양
★
5
배달
★
5
",4.8
560,맛있게 잘먹었습니다 ,★★★★★,순살양념（보통맛）/1,"
맛
★
5
양
★
5
배달
★
5
",5.0
561,맛있어요요새 입맛이 없는 줄 알았는데 아니었어요,★★★★★,순살양념（순한맛）/1,"
맛
★
5
양
★
5
배달
★
5
",3.58
562,항상 믿고 먹습니다 잘 먹었습니다,★★★★★,순살양념（보통맛）/1,"
맛
★
5
양
★
5
배달
★
5
",5.0
563,지코바는 독산점이 제일 맛있어요 딴지점 잘못시켰는데 완전 후회했거든요ㅠ,★★★★★,순살양념（보통맛）/1,"
맛
★
5
양
★
5
배달
★
5
",1.83
564,잘먹었습니다,★★★★★,뼈 양념치킨（매운맛）/1,"
맛
★
5
양
★
4
배달
★
5
",5.0
565,이번에도 맛있게 잘 먹었습니다,★★★★★,순살양념（보통맛）/1,"
맛
★
5
양
★
5
배달
★
5
",5.0
566,맛있음 조금짬다른데 보통보다 매콤떡사리 엄청많이줌,★★★★★,뼈 양념치킨（보통맛）/1,"
맛
★
5
양
★
5
배달
★
5
",4.01
567,맛있었어요 잘먹었어요,★★★★★,뼈 양념치킨（매운맛）/1,"
맛
★
5
양
★
5
배달
★
5
",5.0
568,맛있게 잘 먹었습니다,★★★★★,순살양념（보통맛）/1,"
맛
★
5
양
★
5
배달
★
5
",4.8
569,지코바 역시 맛있어요,★★★★★,뼈 양념치킨（보통맛）/1,"
맛
★
5
양
★
5
배달
★
5
",4.8
570,역시지코바너무맛있어요배달오래걸릴줄알고밖에서미리주문했는데빨리오셨어요맛있게잘먹었어요,★★★★★,순살양념（매운맛）/1,"
맛
★
5
양
★
5
배달
★
5
",4.8
571,숯불향이 너무 좋네요다음에 또 먹을꺼예요,★★★★★,"뼈 양념치킨（보통맛）/1,떡 추가/1","
맛
★
5
양
★
5
배달
★
5
",5.0
572,오늘도 맛있게 잘먹었습니다  양념두맛나고 고기도 신선하고 푸짐해요,★★★★★,뼈 양념치킨（보통맛）/1,"
맛
★
5
양
★
5
배달
★
5
",4.4
573,항상 맛있게 먹고 있습니다 감사합니다,★★★★★,"뼈 양념치킨（매운맛）/1,무 추가/1","
맛
★
5
양
★
5
배달
★
5
",5.0
574,배달 빠르구요떡사리 맛있구요매콤하고 양도 좋습니다,★★★★★,뼈 양념치킨（순한맛）/1,"
맛
★
5
양
★
5
배달
★
5
",4.8
575,처음 먹어보는데 정말 맛있네요ㅎㅎ,★★★★★,뼈 양념치킨（매운맛）/1,"
맛
★
5
양
★
5
배달
★
5
",4.8
576,맛있게 잘 먹었습니다 밥도 감사해요,★★★★★,순살양념（매운맛）/1,"
맛
★
5
양
★
5
배달
★
5
",5.0
577,배달도빠르고 뼈조각이조금있는거 빼곤 맛도양도 맛있었어요ㅎㅎ,★★★★,순살양념（매운맛）/1,"
맛
★
4
양
★
5
배달
★
5
",4.61
578,맛있게매워요 밥이랑드세요,★★★★★,순살양념（순한맛）/1,"
맛
★
5
양
★
5
배달
★
5
",4.59
579,맛있어요  생각보다 덜 맵네요  다음에는 한단계 올려야겠어요,★★★★★,순살양념（보통맛）/1,"
맛
★
5
양
★
5
배달
★
5
",4.0
580,항상 잘 먹고있습니다,★★★★★,순살양념（보통맛）/1,"
맛
★
5
양
★
5
배달
★
5
",4.81
581,맛이 정말 좋아요 양도 적당하구요,★★★★★,순살소금구이치킨/1,"
맛
★
5
양
★
5
배달
★
5
",4.8
582,맛있게 잘먹었습니다,★★★★★,순살양념（매운맛）/1,"
맛
★
5
양
★
5
배달
★
5
",5.0
583,맛있게 잘 먹었습니다,★★★★★,순살양념（매운맛）/1,"
맛
★
5
양
★
5
배달
★
5
",4.8
584,담백해서 소금구이 사릉한다 소금간해서 밥이랑 먹으세요 두번먹으세요 세번먹으세요,★★★★★,순살양념（보통맛）/1,"
맛
★
5
양
★
5
배달
★
5
",4.6
585,배달도 빠르고 맛있게 잘 먹었습니다,★★★★★,순살양념（보통맛）/1,"
맛
★
5
양
★
5
배달
★
5
",4.6
586,맛있어욤,★★★★★,순살양념（보통맛）/1,"
맛
★
5
양
★
5
배달
★
5
",4.6
587,맛있게 잘 먹었습니다생각보다 조금 매웠어요,★★★★★,순살양념（보통맛）/1,"
맛
★
5
양
★
5
배달
★
5
",4.6
588,너무 맛있었어요 매콤해서 밥하고 먹기도 딱좋고 그냥 먹어도 맛있고 떡이 간이 잘되서 입에 계속 들어가네요 또 시켜먹고싶어요 잘 먹었습니다,★★★★★,뼈 양념치킨（매운맛）/1,"
맛
★
5
양
★
5
배달
★
5
",4.8
589,너무 맛있어서 뚝딱,★★★★★,순살양념（보통맛）/1,"
맛
★
5
양
★
5
배달
★
5
",4.8
590,믿고먹는지코바 타지점서자주시켜먹었는데 순살이매진이라 이번에 여기시켜봤는데 양이 다른데시켰던거보다더많네요 다음에도 여기서시켜먹으려구요 잘먹었습니다,★★★★★,뼈 양념치킨（보통맛）/1,"
맛
★
5
양
★
5
배달
★
5
",5.0
591,사장님 잘먹었습니다 다음에도 주문할게요 감사합니다,★★★★★,순살양념（보통맛）/1,"
맛
★
5
양
★
5
배달
★
5
",4.8
592,오늘도 너무너무 맛있게 잘 먹었습니다,★★★★★,순살양념（보통맛）/1,"
맛
★
5
양
★
5
배달
★
5
",5.0
593,리뷰  이벤트 남겼었고돈으로 떡사리 추가했었습니다하지만 정작 도착한 양은 떡이 추가된양이 적은거 같네요항상 시켜먹지만 오늘은 별거 아닌거에 실망떡사리 더 안되면 다른 리뷰이벤트 해주시지아쉽네요 오늘은,★,뼈 양념치킨（보통맛）/1,"
맛
★
5
양
★
1
배달
★
5
",1.8
594,양도 적당하고 너무 맛있어용,★★★★★,뼈 양념치킨（보통맛）/1,"
맛
★
5
양
★
5
배달
★
5
",5.0
595,맛있게 잘 먹었습니다,★★★★★,순살양념（보통맛）/1,"
맛
★
5
양
★
5
배달
★
5
",4.8
596,역시 지코바 맛있어요,★★★★★,순살양념（보통맛）/1,"
맛
★
5
양
★
5
배달
★
5
",4.8
597,지코바 독산호점 제일 맛있어요,★★★★★,순살양념（보통맛）/1,"
맛
★
5
양
★
5
배달
★
5
",4.8
598,역시지코바입니다 밥도둑이예요,★★★★★,"뼈 양념치킨（보통맛）/1,무 추가/1","
맛
★
5
양
★
5
배달
★
5
",5.0
599,배달도 빠르고 맛있어요 지코바는 양념순살이 최고,★★★★★,뼈 양념치킨（순한맛）/1,"
맛
★
5
양
★
5
배달
★
5
",4.81
600,맛이 달라진듯 합니다 ㅡㅡ,★★★★,"순살양념（보통맛）/1,햇반/1","
맛
★
3
양
★
4
배달
★
5
",2.41
601,맛있어유 번창하세용,★★★★★,순살양념（보통맛）/1,"
맛
★
5
양
★
5
배달
★
5
",4.59
602,독산점 아주 맛있네요,★★★★★,순살양념（매운맛）/1,"
맛
★
5
양
★
5
배달
★
5
",5.0
603,배달도 빨리 오고맵기도 좋고 맛도 있습니다,★★★★★,뼈 양념치킨（보통맛）/1,"
맛
★
5
양
★
5
배달
★
5
",4.8
604,맛있게 잘 먹었습니다,★★★★★,순살양념（보통맛）/1,"
맛
★
5
양
★
5
배달
★
5
",4.8
605,꾹꾹 담아 주시느라 양념이 조금 흘렀는데요 너무 맛있게 잘 먹었습니다,★★★★,순살양념（보통맛）/1,"
맛
★
4
양
★
5
배달
★
3
",4.6
606,친구가 하도 독산호점에 시켜야 제대로 먹을 수 있다고 추천을 해서 먹어봤어요 첫 지코바인데 양이 실하네요 왜 밥에 비벼먹는지 알겠네요 한공기 그냥 뚝딱했어요 양을 푸짐히 주셔서 그런지 조금새긴했는데 원체 양념이 많은 치킨이다 보니 애교죠 뭐 ㅋㅋㅋ첫지코바 성공,★★★★★,순살양념（보통맛）/1,"
맛
★
5
양
★
5
배달
★
5
",4.8
607,최고맛있습니다 스트레스 풀리는 매운맛  현미밥 서비스도 감사드립니다,★★★★★,순살양념（순한맛）/1,"
맛
★
5
양
★
5
배달
★
5
",5.0
608,지코바는 언제나 맛있네요 배달도 빠르게 해주시고 밥도 비벼 먹었어요다음에 또 시켜 먹을게요,★★★★★,순살양념（순한맛）/1,"
맛
★
5
양
★
5
배달
★
5
",4.6
609,지코바 오랜만에 주문했는데 역시 맛있어요,★★★★★,순살양념（순한맛）/1,"
맛
★
5
양
★
5
배달
★
5
",4.78
610,배달 빠르고 맛있습니다,★★★★★,"순살소금구이치킨/1,순살양념（보통맛）/1","
맛
★
5
양
★
5
배달
★
5
",4.4
611,지코바는 순살이 진리 맛있어용,★★★★★,순살양념（매운맛）/1,"
맛
★
5
양
★
5
배달
★
5
",4.8
612,역시 지코바 너무 맛있어요,★★★★★,순살양념（보통맛）/1,"
맛
★
5
양
★
5
배달
★
5
",4.81
613,맛있습니다국물이 좀 많은거 같은데 다음엔 더 맛있게 먹을게요,★★★★★,순살양념（매운맛）/1,"
맛
★
5
양
★
5
배달
★
5
",5.0
614,다이어트중인데 못참고 또 주문해버렸네요 ㅠㅠ,★★★★★,순살양념（매운맛）/1,"
맛
★
5
양
★
5
배달
★
5
",2.86
615,맛있고 배달 빠르고 양도많았어요 또 먹고싶은 맛이였어요 다음에도 애용할게요,★★★★★,순살양념（순한맛）/1,"
맛
★
5
양
★
5
배달
★
5
",4.8
616,맛있었어요 다음에 또 주문할께요,★★★★★,순살양념（보통맛）/1,"
맛
★
5
양
★
5
배달
★
5
",4.6
617,정신이없어서 사진을 못남겼네요주기적으로 잘먹고있습니다 번창하세요,★★★★★,순살양념（보통맛）/1,"
맛
★
5
양
★
5
배달
★
5
",5.0
618,숯불치킨이 땡길땐 지코바,★★★★★,순살양념（순한맛）/1,"
맛
★
5
양
★
5
배달
★
5
",4.0
619,맛있게 잘먹었습니다 서비스 밥양도 많이 주셨네요ㅎ,★★★★★,순살양념（보통맛）/1,"
맛
★
5
양
★
5
배달
★
5
",5.0
620,맛있게 잘 먹었습니다,★★★★★,뼈 양념치킨（매운맛）/1,"
맛
★
5
양
★
5
배달
★
5
",4.8
621,배달 진짜 빨리왔어요졸맛,★★★★★,순살양념（순한맛）/1,"
맛
★
5
양
★
5
배달
★
5
",3.86
622,지코바 좋아하는데 독산점이 특히나 맛있어여,★★★★★,순살양념（매운맛）/1,"
맛
★
5
양
★
5
배달
★
5
",4.79
623,일단 배송시간이 최강 스피드 네요분 걸림 떡도 적당히 있고 맛도 있네요맛있게 잘먹었네요,★★★★★,순살양념（보통맛）/1,"
맛
★
5
양
★
5
배달
★
5
",4.6
624,푸짐하게 꾹꾹 담아주셨네요항상 맛있게먹고있어요 지코바좋아하는데 독산호점이 배달비도 젤 저렴하고 맛잇어요,★★★★★,순살양념（보통맛）/1,"
맛
★
5
양
★
5
배달
★
5
",5.0
625,사진을 봐도 침이 스르를 나오는 진짜 양념이 넘 맛있어요 먹어도 먹어도 잊지 못하고 자꾸생각나요 맛있게 잘 먹었습니다,★★★★★,순살양념（순한맛）/1,"
맛
★
5
양
★
5
배달
★
5
",4.8
626,맛있어요오,★★★★★,"순살양념（순한맛）/1,공기밥 추가/1","
맛
★
5
양
★
5
배달
★
5
",5.0
627,첨 시켜봤는데 잘먹었습니다,★★★★★,순살양념（순한맛）/1,"
맛
★
4
양
★
5
배달
★
5
",4.6
628,배달 빠르고 맛있습니다,★★★★★,순살양념（보통맛）/1,"
맛
★
5
양
★
5
배달
★
5
",4.4
629,잘 먹었습니다,★★★★★,순살양념（매운맛）/1,"
맛
★
5
양
★
5
배달
★
5
",5.0
630,맛있게 잘 먹었습니다 따끈따끈해서 더 맛있게 먹었어요 감사합니다 ,★★★★★,순살양념（순한맛）/1,"
맛
★
5
양
★
5
배달
★
5
",4.6
631,맛있게 잘먹었습니다,★★★★★,순살양념（보통맛）/1,"
맛
★
5
양
★
5
배달
★
5
",5.0
632,감사히잘먹ㅊ었습니다,★★★★★,"순살양념（보통맛）/1,떡 추가/1","
맛
★
5
양
★
5
배달
★
5
",3.4
633,늘 맛있어요 ,★★★★★,순살양념（보통맛）/1,"
맛
★
5
양
★
5
배달
★
5
",4.8
634,배달 진짜 빨라여 ㅇㅁㅇ잘먹었습니다,★★★★★,순살양념（보통맛）/1,"
맛
★
5
양
★
5
배달
★
5
",5.0
635,배달도 빠르고 맛있어용,★★★★★,뼈 양념치킨（보통맛）/1,"
맛
★
5
양
★
5
배달
★
5
",4.41
636,아 금천구 지점중에 제일 양많고 맛있는거같아요 다시켜먹어봤는데 여기가 최고에요,★★★★★,뼈 양념치킨（보통맛）/1,"
맛
★
5
양
★
5
배달
★
5
",5.0
637,꿀맛임 ㅎㅎㅎㅎㅎㅎㅎ,★★★★★,순살양념（매운맛）/1,"
맛
★
5
양
★
5
배달
★
5
",4.79
638,리뷰쓴안했지만 역시 쌀밥엔 지코바,★★★★★,"순살소금구이치킨/1,사이다 1.25L/1","
맛
★
5
양
★
5
배달
★
5
",1.6
639,떡사리도 많이 넣어주시고 배달이 늘 빠릅니다,★★★★★,순살양념（매운맛）/1,"
맛
★
5
양
★
5
배달
★
5
",5.0
640,완전 맛있어요,★★★★★,순살양념（순한맛）/1,"
맛
★
5
양
★
5
배달
★
5
",5.0
641,맛있게 잘 먹었습니다,★★★★★,"순살양념（순한맛）/1,떡 추가/1","
맛
★
5
양
★
5
배달
★
5
",4.8
642,맛도 있고 양도 혜자스럽고 재주문 의사 있습니다,★★★★★,순살양념（매운맛）/1,"
맛
★
5
양
★
5
배달
★
5
",4.6
643,믿고먹는 지코바맛있어요번창하세요,★★★★★,"순살소금구이치킨/1,순살양념（보통맛）/1","
맛
★
5
양
★
5
배달
★
5
",5.0
644,지코바 넘 좋아요사이다 큰거 주셔서 감사합니당,★★★★★,순살양념（보통맛）/1,"
맛
★
5
양
★
5
배달
★
5
",5.0
645,많이 매콤하고 맛있었어요,★★★★★,"순살양념（순한맛）/1,사이다 1.25L/1","
맛
★
5
양
★
5
배달
★
5
",5.0
646,치밥하기 좋은 치킨 맛있어요,★★★★★,순살양념（보통맛）/1,"
맛
★
5
양
★
5
배달
★
5
",4.79
647,제가 예전보다 매운 걸 못 먹게 된 건지 아니면 매워진 건진 모르겠지만오히려 좋아,★★★★★,순살양념（순한맛）/1,"
맛
★
5
양
★
5
배달
★
5
",2.18
648,떡사리 빼달라고햇는데 요청사항 잘 들어주셔서 감사합니다 지코바 역시정말맛잇습니다,★★★★★,순살양념（보통맛）/1,"
맛
★
5
양
★
5
배달
★
5
",4.6
649,맛있게 잘먹었습니다,★★★★★,순살양념（보통맛）/1,"
맛
★
5
양
★
5
배달
★
5
",5.0
650,정말 맛있게 잘 먹었습니다 배달 진짜 빨라요 거의 분대박,★★★★★,순살양념（순한맛）/1,"
맛
★
5
양
★
5
배달
★
5
",5.0
651,실망없이 항상 잘 먹고있습니다,★★★★★,순살양념（보통맛）/1,"
맛
★
5
양
★
5
배달
★
5
",4.81
652,지코바는 언제나 맛있습니당,★★★★★,순살양념（보통맛）/1,"
맛
★
5
양
★
5
배달
★
5
",4.6
653,배달은 늘 빠른것 같아요 넘 맛있어서 자주 시켜먹게되네오,★★★★,순살양념（보통맛）/1,"
맛
★
5
양
★
4
배달
★
5
",4.81
654,양념이 맛잇게 매워서 밥이랑 먹으니 맛나요,★★★★★,순살양념（매운맛）/1,"
맛
★
5
양
★
5
배달
★
5
",4.58
655,맛있게 잘먹었습니다 양도 맛도 최고,★★★★★,순살양념（보통맛）/1,"
맛
★
5
양
★
5
배달
★
5
",5.0
656,배달 진짜 빨라요 ㅎㅎ 맛있습니다,★★★★★,순살양념（보통맛）/1,"
맛
★
5
양
★
5
배달
★
5
",5.0
657,전역시 보통맛이 젤낫네용 ㅎ  적당히매운맛,★★★★★,순살양념（순한맛）/1,"
맛
★
5
양
★
5
배달
★
5
",4.0
658,배달분만에 와서당황했네요 ㅎ 잘먹을께요,★★★★★,"순살소금구이치킨/1,순살양념（보통맛）/1,공기밥 추가/2","
맛
★
5
양
★
5
배달
★
5
",3.81
659,총알배송에 맛도 아주 좋고 최고에요코로나에 건강 조심하시고 맛난 치킨 계속 해주세요,★★★★★,순살양념（보통맛）/1,"
맛
★
5
양
★
5
배달
★
5
",5.0
660,맛있게 잘 먹었어요,★★★★★,순살양념（보통맛）/1,"
맛
★
5
양
★
5
배달
★
5
",4.8
661,맛있게 먹었습니다,★★★★★,순살양념（보통맛）/1,"
맛
★
5
양
★
5
배달
★
5
",4.59
662,잘 먹었습니다 담에도 또 시킬게용,★★★★★,순살양념（보통맛）/1,"
맛
★
5
양
★
5
배달
★
5
",4.8
663,항상 잘먹고있어요맛있게 맵습니다딴건아니고 젓가락은 안받는다고 했는데도 자꾸 챙겨주시네요담엔 빼주세요,★★★★★,순살양념（순한맛）/1,"
맛
★
5
양
★
5
배달
★
5
",2.4
664,맛있게 잘 먹었습니다,★★★★★,"순살양념（보통맛）/1,떡 추가/1,무 추가/1","
맛
★
5
양
★
5
배달
★
5
",4.8
665,언제나 언제나 먹어도 맛있어요 최고,★★★★★,"순살양념（보통맛）/1,무 추가/1","
맛
★
5
양
★
5
배달
★
5
",4.6
666,치밥은 지코바끝내줍니다ㅎ,★★★★★,"뼈 양념치킨（매운맛）/1,즉석밥 추가/2","
맛
★
5
양
★
5
배달
★
5
",4.17
667,예정시간에 맞게 배달해주시려고한건 알겠지만 소스가 다 쏟아져서 쇼핑백까지 흘러있네요ㅜ받자마자 기분 상했어요 그리고 리뷰이벤트 참여건은 배달 안오는건가요,★★★,"순살양념（보통맛）/1,배달 생맥주 1000cc/1","
맛
★
3
양
★
3
배달
★
1
",1.4
668,고기양이 평소에 비해 너무 적어요 ㅠㅠ,★★★,순살양념（순한맛）/1,"
맛
★
3
양
★
1
배달
★
3
",2.39
669,배달 예정시간보다 빨리와서 뜨끈뜨끈 맛있게먹었어요 소스도 고기도 넉넉하고 떡사리도 넘 맛나네용,★★★★★,순살소금구이치킨/1,"
맛
★
5
양
★
5
배달
★
5
",4.8
670,지코바는 사랑입니다 튀긴거 부담스러울때 딱,★★★★★,순살양념（보통맛）/1,"
맛
★
5
양
★
5
배달
★
5
",3.81
671,맛있고 맵기도 적당하네요 매운거못드시는분들은 보통맛정도가맞을것같아요 요청사항이 많았는데 잊지않고 다챙겨주셔서 감사합니다,★★★★★,순살양념（보통맛）/1,"
맛
★
5
양
★
5
배달
★
5
",5.0
672,순살소금은 떡사리 서비스가 없나요ㅠㅠ 리뷰이벤트 참여하겠다고 적었는데 없네요 치킨은 맛있게 잘 먹었습니다,★★★★,뼈 양념치킨（보통맛）/1,"
맛
★
5
양
★
5
배달
★
5
",1.39
673,밥도둑 지코바 존맛,★★★★★,순살양념（순한맛）/1,"
맛
★
5
양
★
5
배달
★
5
",5.0
674,배달 너무 빠른거아니에요너무 좋잖아용,★★★★★,순살양념（보통맛）/1,"
맛
★
5
양
★
5
배달
★
5
",4.8
675,지코바 짱 리얼 밥도둑이에여ㅠㅠㅠㅠㅠ 또 먹고싶네요,★★★★★,순살양념（보통맛）/1,"
맛
★
5
양
★
5
배달
★
5
",4.8
676,너무 맛있고요 맛있게 매워서 밥 비벼먹기도 좋네요,★★★★★,순살양념（보통맛）/1,"
맛
★
5
양
★
5
배달
★
5
",4.8
677,일만에 재주문해서 먹었어요맛있게 잘 먹었습니다,★★★★★,순살양념（순한맛）/1,"
맛
★
4
양
★
4
배달
★
5
",4.8
678,거의 분만에 도착한거같아요 완전 총알배송양도 많고 정말 맛있어요,★★★★★,"순살양념（보통맛）/1,공기밥 추가/1","
맛
★
5
양
★
5
배달
★
5
",5.0
679,맛읶어용 스트레스 풀렸어여,★★★★★,순살양념（보통맛）/1,"
맛
★
5
양
★
5
배달
★
5
",4.6
680,항상 맛있게 잘먹고 있습니다굽는치킨중에 지코바만한건 없는듯해요또 주문하겠습니다,★★★★★,순살양념（매운맛）/1,"
맛
★
5
양
★
5
배달
★
5
",5.0
681,맛잇게 잘 먹엇습니다,★★★★★,순살양념（보통맛）/1,"
맛
★
5
양
★
5
배달
★
5
",5.0
682,맛있게 먹었습니다,★★★★,순살양념（보통맛）/1,"
맛
★
4
양
★
4
배달
★
5
",4.59
683,너무맛잇어서사진이흔들림,★★★★★,"순살양념（보통맛）/1,공기밥 추가/2","
맛
★
5
양
★
5
배달
★
5
",4.81
684,맛있게 잘 먹었습니디,★★★★★,순살양념（매운맛）/1,"
맛
★
5
양
★
5
배달
★
5
",5.0
685,너무 맛있게 잘 먹었습니다요청사항도 잘 들어 주시고 다음에 떠 시켜 먹을게요,★★★★★,순살양념（보통맛）/1,"
맛
★
5
양
★
5
배달
★
5
",4.8
686,밥에 비벼먹으면 더 맛있어요보통맛은 좀 매워요,★★★★★,순살양념（순한맛）/1,"
맛
★
5
양
★
5
배달
★
5
",3.58
687,서비스 감사해용  하나도 남김없이 잘먹었습니다 ㅎㅎ,★★★★★,순살양념（보통맛）/1,"
맛
★
5
양
★
5
배달
★
5
",5.0
688,오랜만에 먹었는데 맛있습니다,★★★★★,순살양념（보통맛）/1,"
맛
★
5
양
★
5
배달
★
5
",4.19
689,비가와서 배달 시간이 조금 걸렸지만 무사히 배달 해 주심에 감사했고요 잘 먹었어요 번창하세요,★★★★★,순살양념（매운맛）/1,"
맛
★
5
양
★
5
배달
★
5
",5.0
690,오랜만에 먹었는데 맛있게 잘 먹었습니다 집에있는 밥 돌려서 같이 먹었는데 떡도 많이 들어있고 양도 많아요 역시 치밥,★★★★★,순살양념（보통맛）/1,"
맛
★
5
양
★
5
배달
★
5
",4.19
691,맛있게 잘 먹었어요,★★★★★,순살소금구이치킨/1,"
맛
★
5
양
★
5
배달
★
5
",4.8
692,배달 빠르고맛있어요,★★★★,순살양념（보통맛）/1,"
맛
★
5
양
★
5
배달
★
5
",4.41
693,배달 엄청 빨라요보통맛인데도 은근 맵네요ㅠㅠ 맵찔이들은 순한맛 시키세용,★★★★★,순살양념（보통맛）/1,"
맛
★
5
양
★
5
배달
★
5
",1.0
694,맛있게 잘 먹었습니다,★★★★★,순살양념（순한맛）/1,"
맛
★
5
양
★
4
배달
★
5
",4.8
695,배달 빠르고 맛있어요,★★★★★,순살양념（보통맛）/1,"
맛
★
5
양
★
5
배달
★
5
",4.41
696,사장님이 예의가 겁나게 없네요 역대급입니다 배달기사분만 맘에 들었어요 사장님 그러지 마세요 진짜 기분 나쁘니까,★,순살양념（보통맛）/1,"
맛
★
1
양
★
1
배달
★
5
",1.0
697,치밥은 지코바  너무 맛있습니다,★★★★★,"뼈 양념치킨（보통맛）/1,떡 추가/1","
맛
★
5
양
★
5
배달
★
5
",4.81
698,맛있어요 담에 토 시켜먹을게요,★★★★★,순살양념（보통맛）/1,"
맛
★
5
양
★
5
배달
★
5
",4.8
699,맛있습니다 잡내하나도 안나고 정석의 맛입니다,★★★★★,"순살양념（매운맛）/1,사이다 1.25L/1","
맛
★
5
양
★
5
배달
★
5
",4.61
700,처음먹어보는데역시 밥이땡기는맛ㅎㅎ진짜 잘먹었습니다,★★★★★,순살양념（보통맛）/1,"
맛
★
5
양
★
5
배달
★
5
",4.4
701,맛있었어요근데 생맥주는 팔지마세요한입먹고 버렸네요,★★★★★,순살양념（보통맛）/1,"
맛
★
5
양
★
5
배달
★
5
",2.79
702,한국인의 밥심에 정말 잘 어울리는 치킨이라고 할 정도로 언제나 기운없고 힘들때 먹으면 힘이 나는치킨이네요 맛있게 해주셔서 감사합니다,★★★★★,순살양념（보통맛）/1,"
맛
★
5
양
★
5
배달
★
5
",3.2
703,너무 맛있습니다 ,★★★★★,순살양념（매운맛）/1,"
맛
★
5
양
★
5
배달
★
5
",5.0
704,진짜 맛있습니다 다른 지점보다 더 맛있어요 밥땜에 전화드렸는데 사장님도 좋으시고 배달도 예상보다 빨리와서 너무 좋았어요 종종 시켜먹을께요,★★★★★,순살양념（보통맛）/1,"
맛
★
5
양
★
5
배달
★
5
",5.0
705,맛 양 배달 모두 굿굿굿,★★★★★,순살양념（보통맛）/1,"
맛
★
5
양
★
5
배달
★
5
",4.43
706,믿고 먹는 지코바죠,★★★★★,순살소금구이치킨/1,"
맛
★
5
양
★
5
배달
★
5
",5.0
707,양도많고 맛있어요 밥이랑 먹으니 정말 맛있네요 ㅎㅎ,★★★★★,순살양념（순한맛）/1,"
맛
★
5
양
★
5
배달
★
5
",4.8
708,역시 지코바는 항상 맛있어요,★★★★★,순살양념（보통맛）/1,"
맛
★
5
양
★
5
배달
★
5
",4.8
709,넘 맛있어요 지코바ㅡㅡ,★★★★★,뼈 양념치킨（순한맛）/1,"
맛
★
5
양
★
5
배달
★
5
",5.0
710,너무너무 맛나게 잘먹었어요,★★★★★,순살양념（보통맛）/1,"
맛
★
5
양
★
5
배달
★
5
",5.0
711,맛있게 잘먹었어요 순한맛이 딱이네요 다음에 또 주문하려구요 예상보다도 더 빨리 도착했어요,★★★★★,순살양념（보통맛）/1,"
맛
★
5
양
★
5
배달
★
5
",5.0
712,매번시켜먹지만 매번 생각나는맛 또시켜먹을게요,★★★★★,순살양념（보통맛）/1,"
맛
★
5
양
★
5
배달
★
5
",4.8
713,지진이 났다 배에코로 냄새만 맡았을 뿐인데바로이게지코바,★★★★★,순살양념（보통맛）/1,"
맛
★
5
양
★
5
배달
★
5
",2.59
714,맛있게먹었습니다 간만에 맵게먹어봤는데 괜찮네요,★★★★★,"순살양념（보통맛）/1,콜라 1.25L/1","
맛
★
5
양
★
5
배달
★
5
",4.6
715,서진이 없네요  항상 맛나게 잘 먹고 있어요,★★★★★,순살양념（매운맛）/1,"
맛
★
5
양
★
5
배달
★
5
",4.79
716,오랜만에ㅡ지코바 땡겨서 시켰는데 역시나ㅡ너무 맛있어요 정신없이 먹었네요,★★★★★,순살양념（보통맛）/1,"
맛
★
5
양
★
5
배달
★
5
",4.8
717,역시 지코바 맛있네요감사히 잘먹겠습니다,★★★★★,"순살양념（순한맛）/1,공기밥 추가/2","
맛
★
5
양
★
5
배달
★
5
",4.6
718,떡도 많이 들어있고 밥비벼서 맛나게 먹었습니다 치킨맛집,★★★★★,순살양념（보통맛）/1,"
맛
★
5
양
★
5
배달
★
5
",4.6
719,양도 많고 맛있게 잘 먹었어요,★★★★★,순살양념（보통맛）/1,"
맛
★
5
양
★
5
배달
★
5
",4.6
720,맛있어요 빨리 와서 깜짝 놀랐어요 따뜻하게 잘 먹었습니다,★★★★★,순살양념（순한맛）/1,"
맛
★
5
양
★
5
배달
★
5
",4.8
721,맛있게 잘먹었습니다,★★★★★,순살양념（매운맛）/1,"
맛
★
5
양
★
5
배달
★
5
",5.0
722,지코바 처음 먹었는데 제가 매운거 잘 못먹어서 보통맛도 좀 매웠어요 그래도 닭다리살이라서 맛있게 먹었어요 ㅎㅎ,★★★★★,순살양념（보통맛）/1,"
맛
★
4
양
★
4
배달
★
5
",2.04
723,항상잘먹고 있습니다 ,★★★★★,순살양념（보통맛）/1,"
맛
★
5
양
★
5
배달
★
5
",5.0
724,맛있게 잘먹었습니다,★★★★★,순살양념（매운맛）/1,"
맛
★
5
양
★
5
배달
★
5
",5.0
725,잘먹었습니다 배달기사가 콜라 엄청 흔들고 와서 터졌네요,★★★★★,순살양념（보통맛）/1,"
맛
★
5
양
★
5
배달
★
5
",3.43
726,배달 문제있네요국물이 다 빠져서 치밥은 커녕 마른 지코바 먹었어요ㅜ청소하느라 고생했네요그래도 맛있어서 맛점다음에는 배달 잘부탁합니다,★★★★,뼈 양념치킨（순한맛）/1,"
맛
★
5
양
★
5
배달
★
1
",1.39
727,떡 조금 딱딱한 편이고고기가ㅠㅠㅠㅠ 살이ㅠㅠㅠ넘 퍽퍽하네요야들야들하고 육즙있는 그런 걸 생각했는데ㅠ,★★★★★,순살양념（보통맛）/1,"
맛
★
5
양
★
5
배달
★
5
",2.4
728,갑자기 지코바가 너무 땡겨서 먹었는데 역시 너무 맛있어요 밥이랑 야무지게 먹었어요 ,★★★★★,"순살양념（보통맛）/1,햇반/2,콜라 1.25L/1","
맛
★
5
양
★
5
배달
★
5
",5.0
729,보통맛이라서 매콤 할 줄 알았는데 하나도 안 매워요다음에 매운맛으로 먹어 볼께요식후감,★★★★★,순살양념（보통맛）/1,"
맛
★
4
양
★
4
배달
★
5
",2.58
730,벌써 몇번째 시켜먹는건지 양도 좋구요 맛도 진짜 맛있습니다 배달기사분이 진짜 빠르게 친절하게 가져다주셔서 좋았습니다 다음에 또 시켜먹을게요,★★★★★,순살양념（보통맛）/1,"
맛
★
5
양
★
5
배달
★
5
",5.0
731,예전에 먹던 지고바의 달달한 맛은 없고 짠맛밖에 없었어요지점마다 다른 맛인건지리뷰보니 순살은 단짠이라 하던데 뼈있는게 짠건지 ㅜㅜ 떡 사리 추가하니 양은 충분했습니다,★★★,순살양념（보통맛）/1,"
맛
★
1
양
★
4
배달
★
5
",2.0
732,맛있게 잘먹었습니다,★★★★,순살양념（보통맛）/1,"
맛
★
5
양
★
5
배달
★
1
",5.0
733,맛있게 잘 먹었습니다,★★★★★,"순살양념（보통맛）/1,콜라 500ml/1","
맛
★
5
양
★
5
배달
★
4
",4.8
734,배구보면서 먹으려고 퇴근하자마자 주문했는데 다행히 예상시간보다 빨리 가져다 주셨어요매콤하니 맛있습니다 서비스로 주신 떡사리도 잘 먹을게요,★★★★★,순살양념（보통맛）/1,"
맛
★
5
양
★
5
배달
★
5
",4.8
735,배달이 완전 빨리왔어요좐맛,★★★★★,순살양념（매운맛）/1,"
맛
★
5
양
★
5
배달
★
5
",5.0
736,맛있게 잘 먹었습니다,★★★★★,순살양념（보통맛）/1,"
맛
★
5
양
★
5
배달
★
0
",4.8
737,먹고싶어서 오픈하자마자 시켰어요,★★★★★,"순살양념（보통맛）/1,공기밥 추가/1","
맛
★
5
양
★
4
배달
★
5
",3.99
738,요즘 느끼는 점은 떡을 추가하면 닭고기의 양이 줄어드는게 체감이 되요 갠적인 느낌인지 닭고기의 양을 담부터는 체크해야겠습니다 항상 맛나게 잘 먹고 있습니다 ,★★★★★,순살양념（보통맛）/1,"
맛
★
5
양
★
4
배달
★
5
",2.8
739,사진이 이상하게 나왔네요ㅠㅠ 맛있게 먹었습니다,★★★★★,"순살양념（매운맛）/1,콜라 1.25L/1","
맛
★
5
양
★
5
배달
★
5
",4.59
740,담백하니 맛있어요 치킨은 시키면 안먹는 부위는 조금씩 남는데 이건 안남아서 좋아요,★★★★★,순살양념（매운맛）/1,"
맛
★
5
양
★
5
배달
★
5
",2.62
741,맛있게 잘 먹었습니다,★★★★★,순살양념（매운맛）/1,"
맛
★
5
양
★
5
배달
★
5
",4.8
742,떡사리 추가하니 밥이 필요없네용ㅋㅋ 지코바 순살은 단짠단짠의 진리네요,★★★★★,"순살양념（보통맛）/1,배달 생맥주 1000cc/1","
맛
★
4
양
★
4
배달
★
4
",4.21
743,늘 맛있어요,★★★★★,"순살소금구이치킨/1,순살양념（보통맛）/1","
맛
★
5
양
★
5
배달
★
5
",4.8
744,배달 요청 사항도 잘 들어주시고 치킨도 너무너무 맛있었어용 잘 먹었습니다 감사합니당 ㅎㅎㅎㅎ,★★★★★,뼈 양념치킨（보통맛）/1,"
맛
★
5
양
★
5
배달
★
5
",5.0
745,맛있게 잘 먹었습니다,★★★★★,순살양념（보통맛）/1,"
맛
★
5
양
★
5
배달
★
5
",4.8
746,맛있게 잘 먹었어요감사합니다,★★★★★,"순살양념（보통맛）/1,떡 추가/1","
맛
★
5
양
★
5
배달
★
5
",5.0
747,그래 바로너 합격오늘은 치킨 바로 치팅데이죠 몇년만에 지코바먹었는데 독산호점 이녀석 맛있다 떡식감이 좋아서 치킨을남기고 떡을 다먹어버린 치킨보다 떡이 더 맛있어서 점인이먹기는 많아요그래서 남아서 담날 데워먹었는데  했습니다 결론 오늘 산 치킨은 내일로 미루지 말자,★★★★★,순살양념（보통맛）/1,"
맛
★
5
양
★
5
배달
★
5
",3.42
748,주문한지 분만에 도착했어요주변에 있는줄도 모르다가 발견해서 오랜만에 시켜서 먹어봤는데 여전히 맛있네요,★★★★★,"순살소금구이치킨/1,콜라 500ml/1","
맛
★
5
양
★
5
배달
★
5
",4.79
749,맛있게 잘 먹었어요,★★★★★,순살양념（보통맛）/1,"
맛
★
5
양
★
5
배달
★
5
",4.8
750,이번에도 맛있게 잘 먹었습니다,★★★★★,순살양념（보통맛）/1,"
맛
★
5
양
★
5
배달
★
5
",5.0
751,맛있습니다 소스가 밥과 함께 먹기 정말 좋아요매운걸 잘 먹지 못하는 입맛에 보통맛은 맵고 순한맛은 약해서 그 중간 정도 되는 맵기가 추가됐으면  좋겠어요,★★★★★,뼈 양념치킨（보통맛）/1,"
맛
★
5
양
★
5
배달
★
5
",2.21
752,지코바치킨너무맛있어요,★★★★★,순살양념（보통맛）/1,"
맛
★
5
양
★
5
배달
★
5
",5.0
753,치밥이 땡길땐 지코바,★★★★★,뼈 양념치킨（순한맛）/1,"
맛
★
5
양
★
5
배달
★
5
",2.79
754,오랜만에 먹어서 감사합니다,★★★★★,순살양념（보통맛）/1,"
맛
★
5
양
★
5
배달
★
5
",4.58
755,첫주문인데 생각보다 매운데 맛있네요 ㅎㅎ,★★★★,순살양념（보통맛）/1,"
맛
★
4
양
★
4
배달
★
4
",5.0
756,너무너무 맛있어용,★★★★★,순살양념（보통맛）/1,"
맛
★
5
양
★
5
배달
★
5
",5.0
757,항상 맛있게 먹고있어요감사합니다,★★★★★,"뼈 양념치킨（보통맛）/1,캔사이다추가/1","
맛
★
5
양
★
5
배달
★
5
",5.0
758,좋아요 맛있어요 담에  또 시켜먹을게요,★★★★★,순살양념（보통맛）/1,"
맛
★
5
양
★
5
배달
★
5
",5.0
759,맛있게 잘먹었습니다 언제 먹어도 꿀맛,★★★★★,순살양념（매운맛）/1,"
맛
★
5
양
★
5
배달
★
5
",5.0
760,늘 맛있어요 ,★★★★★,순살양념（보통맛）/1,"
맛
★
5
양
★
5
배달
★
5
",4.8
761,너무 맛있어요 잘먹었습니다,★★★★★,순살양념（순한맛）/1,"
맛
★
5
양
★
5
배달
★
5
",5.0
762,햇반을 데워주셨네요 감사합니다 맛있습니다,★★★★★,순살양념（보통맛）/1,"
맛
★
5
양
★
5
배달
★
5
",4.8
763,넘넘 맛있어요ㅠㅠㅠㅠ 이집 지코바가 젤 맛있어여,★★★★★,순살양념（보통맛）/1,"
맛
★
5
양
★
5
배달
★
5
",5.0
764,맛나게 잘 먹었습니다,★★★★★,순살양념（보통맛）/1,"
맛
★
5
양
★
5
배달
★
5
",4.8
765,넘넘 맛나게 먹었어요 밥도 고슬고슬하고 좋아요,★★★★★,순살양념（보통맛）/1,"
맛
★
5
양
★
5
배달
★
5
",4.8
766,맛있었어요,★★★★★,순살양념（보통맛）/1,"
맛
★
5
양
★
5
배달
★
5
",5.0
767,배달도 빨라서 좋았어요독산호점은 처음이었는데맛과 양도 만족해서 다음에 또 시켜먹을게요그리고 떡사리 넉넉해서 너무 좋았어요,★★★★★,"순살소금구이치킨/1,순살양념（순한맛）/1,순살양념（보통맛）/1","
맛
★
5
양
★
5
배달
★
5
",5.0
768,잘먹었습니다 근데 고기가 약간 퍽퍽한 느낌 닭이 좀 적은 느낌이네요,★★★,순살양념（보통맛）/1,"
맛
★
3
양
★
3
배달
★
4
",3.6
769,예전엔 불맛이 났었는데 이제 안 나고 안 맵고 짜기만 해요 ㅠ 보통맛으로 시켜서 옛날맛 안 났나보다 했는데 매운맛 다시 시켜도 그대롭니다,★★★,"순살양념（매운맛）/1,공기밥 추가/1","
맛
★
1
양
★
3
배달
★
5
",1.6
770,너무 맛나네요 떡사리도 쫀득하니 좋네요,★★★★★,"순살소금구이치킨/1,순살양념（보통맛）/1,배달 생맥주 1000cc/1","
맛
★
5
양
★
5
배달
★
5
",4.8
771,매번 시켜먹을정도로 맛있고 치밥 채곱니다,★★★★★,순살양념（매운맛）/1,"
맛
★
5
양
★
5
배달
★
5
",4.6
772,오랫만에 먹었는데 리뷰이벤트 떡까지 잘먹었습니다,★★★★★,순살양념（보통맛）/1,"
맛
★
5
양
★
5
배달
★
5
",4.2
773,너무 맛있어요 매운걸로 스트레스 완전 제대로 풀었네용ㅎㅎ 떡진짜 많이주셔서 너무 잘 먹었어요,★★★★★,순살양념（보통맛）/1,"
맛
★
5
양
★
5
배달
★
5
",4.8
774,예전의 그맛 그대로 이사온지 주차 원래동네에 지코바 없어서 이사온 기념으로 먹었는데 정말 맛있어요이집은 단골,★★★★★,순살양념（보통맛）/1,"
맛
★
5
양
★
5
배달
★
5
",3.83
775,숯코바 아니면 잘 안먹는데 여기는 뭔가 깔끔해여 뭔진 모르겠는데 맛있어요ㅎ 밥도 쵝오,★★★★★,순살양념（보통맛）/1,"
맛
★
5
양
★
5
배달
★
5
",4.8
776,정신없이 먹고났더니 사진이 없네요정말 맛은 최고고 떡사리는 가운데 구멍이 있어서 양념잔뜩 맥주안주 나 소주안주로도 다른거 생각 안날듯 하네요치칸은 여기로 정착해야갰어옷,★★★★★,순살양념（순한맛）/1,"
맛
★
5
양
★
5
배달
★
5
",2.6
777,넷이먹을땐 세개를 시키세요 맛있어서 쑥쑥들어가니까,★★★★★,순살양념（보통맛）/1,"
맛
★
5
양
★
5
배달
★
5
",4.38
778,맛있었다 다음에 시킬 때 참고하도록 스스로가 만족했음을 기록해 두갰음,★★★★★,순살양념（보통맛）/1,"
맛
★
5
양
★
5
배달
★
5
",5.0
779,담엔 매운맛으로 시켜야겟어용,★★★★,"순살양념（보통맛）/1,햇반/1","
맛
★
4
양
★
4
배달
★
5
",3.67
780,지코바는 진리 입니다,★★★★★,순살양념（보통맛）/1,"
맛
★
5
양
★
5
배달
★
5
",4.4
781,정말 맛있어요아직 안드셔 보신분들꼭 드시라고 강추합니다,★★★★★,순살양념（보통맛）/1,"
맛
★
5
양
★
5
배달
★
5
",5.0
782,잘먹었습니다 감사합니다,★★★★★,순살양념（순한맛）/1,"
맛
★
5
양
★
5
배달
★
5
",5.0
783,맛있어요 떡도 많고요 잘 먹었습니다,★★★★★,순살양념（보통맛）/1,"
맛
★
5
양
★
5
배달
★
0
",4.8
784,지코바는 소스가 중요한데 양도 많고 소스도 적당해서 맛있게 먹었어요 떡은 치즈떡은 아닌거 같은데 양념 잘 베라고 구멍이 있는겅가오 보통맛시켯는데 살짝 매콤 하게 먹엇어요 아 그리고 배달도 빨랏습니당 감사합니다,★★★★★,순살양념（순한맛）/1,"
맛
★
5
양
★
5
배달
★
5
",4.21
785,지코바는 진리입니다진짜 맛있네요ㅎ,★★★★★,순살양념（보통맛）/1,"
맛
★
5
양
★
5
배달
★
5
",5.0
786,존맛탱이에여,★★★★★,순살양념（보통맛）/1,"
맛
★
5
양
★
5
배달
★
5
",4.8
787,많이 흘러서 왔지만 그래도 맛은 있어요,★★★★★,순살양념（보통맛）/1,"
맛
★
5
양
★
5
배달
★
3
",3.81
788,맛있어요ㅠㅠㅠㅠ 서비스로 주신 밥도 잘먹었어요,★★★★★,순살양념（보통맛）/1,"
맛
★
5
양
★
5
배달
★
5
",5.0
789,복날인지라맛있게 잘먹었습니다만저에게는 짠맛이 좀 강한듯했습니다밥과 같이 먹기는 딱인듯 합니다조금 아쉬워서 별 하나씩 차감했습니다,★★★★★,순살양념（순한맛）/1,"
맛
★
4
양
★
4
배달
★
4
",3.8
790,맛있게 잘 먹었습니다,★★★★★,순살양념（보통맛）/1,"
맛
★
5
양
★
5
배달
★
5
",4.8
791,먹다찍는바람에 비주얼이 좀 ㅠㅠ 항상시켜먹어요 맛나요,★★★★★,순살양념（매운맛）/1,"
맛
★
5
양
★
5
배달
★
5
",4.6
792,식사시간 피해서 주문해서 그런지 배달 정말 빨랐어요양도 넉넉하고 맛있네요담엔 매운맛으로 시켜보려구요,★★★★★,순살양념（보통맛）/1,"
맛
★
5
양
★
5
배달
★
5
",4.6
793,맛있게 맵네요 양도 많습니다 맛있게 잘 먹었습니다매콤한 치킨 먹고싶을때 또 주문할께요,★★★★★,순살양념（보통맛）/1,"
맛
★
5
양
★
5
배달
★
5
",5.0
794,배달시간 분떴는데 분만 와서 좋았구요 맛이야 다 아는맛이죠 맛있게 잘먹었습니다,★★★★★,순살양념（보통맛）/1,"
맛
★
5
양
★
5
배달
★
5
",4.8
795,맛있었습니다 다음에 또 먹을거같아요,★★★★★,순살양념（보통맛）/1,"
맛
★
5
양
★
5
배달
★
5
",4.61
796,너무 맛있어서 두 번 나눠먹으려 했는데 한 번에 다 먹어버렸네요,★★★★★,"순살양념（매운맛）/1,떡 추가/1","
맛
★
5
양
★
5
배달
★
5
",5.0
797,시간도 배달 예상시간에 오구 맛나게 먹었습니다  고기하고 떡하고 거의 반반 같네요 ㅎㅎ 떡사리 좋아하시는분 포토리뷰 하고 꼭 받아가시길 맛은 말이 필요없습니당,★★★★★,순살양념（보통맛）/1,"
맛
★
5
양
★
5
배달
★
5
",5.0
798,역시 지코바 맛있어요,★★★★★,순살양념（보통맛）/1,"
맛
★
5
양
★
5
배달
★
5
",4.8
799,역시 지코바는 지코바입니다 맛있어요,★★★★★,뼈 양념치킨（매운맛）/1,"
맛
★
5
양
★
5
배달
★
5
",5.0
800,치킨먹을때면 항상 여기서 시켜먹는데 역시나 맛잇어요,★★★★★,순살양념（보통맛）/1(추가메뉴(떡사리)),"
맛
★
5
양
★
5
배달
★
5
",4.61
801,맛도 양도 최고였습니다,★★★★★,순살양념（보통맛）/1,"
맛
★
5
양
★
5
배달
★
5
",4.8
802,처음 먹어보는데 맛있네요 ,★★★★★,순살양념（보통맛）/1,"
맛
★
5
양
★
5
배달
★
5
",3.4
803,아주 맛나게 먹었습니다,★★★★★,순살양념（보통맛）/1,"
맛
★
5
양
★
5
배달
★
5
",4.6
804,맛있어요 생맥과 함께 여름피서 음식으로 딱이네여,★★★★★,뼈 양념치킨（보통맛）/1,"
맛
★
5
양
★
5
배달
★
5
",4.6
805,진짜 맛있었어요 ㅎㅎ,★★★★★,순살양념（보통맛）/1,"
맛
★
5
양
★
5
배달
★
5
",5.0
806,맛있게 먹었습니다 감사합니다,★★★★★,순살양념（보통맛）/1,"
맛
★
5
양
★
5
배달
★
5
",5.0
807,처음 시켜봤는데 아들이 치밥해 먹기 좋다고 하네요 밥반찬으로도 활용 가능해서 좋은 것 같네요,★★★★★,순살양념（보통맛）/1,"
맛
★
5
양
★
5
배달
★
5
",3.98
808,역시나 지코바 맛있어요 서비스도 좋아요,★★★★★,순살양념（보통맛）/1,"
맛
★
5
양
★
5
배달
★
5
",5.0
809,맛있고 양많아요,★★★★★,순살양념（보통맛）/1,"
맛
★
5
양
★
5
배달
★
5
",4.8
810,안튀긴 치킨찾다가주문했는데 밥이랑같이먹음맛있음,★★★★,"순살양념（보통맛）/2,햇반/4","
맛
★
4
양
★
5
배달
★
5
",3.4
811,와 너무 맛있네요 잘먹었습니다,★★★★★,순살양념（순한맛）/1,"
맛
★
5
양
★
5
배달
★
5
",5.0
812,보통맛인데 꽤 매웠던거 빼고 다 좋았어요 양도많고 맛있었어요,★★★★★,순살양념（보통맛）/1,"
맛
★
5
양
★
5
배달
★
5
",4.79
813,너무 맛있게 잘 먹었어요,★★★★★,순살양념（보통맛）/1,"
맛
★
5
양
★
5
배달
★
5
",5.0
814,잘먹었어요,★★★★★,"순살양념（보통맛）/1,콜라 1.25L/1","
맛
★
5
양
★
5
배달
★
5
",5.0
815,배달이 너무 빨라요,★★★★★,순살양념（순한맛）/1,"
맛
★
5
양
★
5
배달
★
5
",3.8
816,배달도 엄청 빠르고 맛도 아주 좋아요,★★★★★,순살양념（보통맛）/1,"
맛
★
5
양
★
5
배달
★
5
",5.0
817,양도 많고 맛있게 잘먹었습니당,★★★★★,순살양념（보통맛）/1,"
맛
★
5
양
★
5
배달
★
5
",4.6
818,양념 많이 달라고 했는데 양을 많이 주셨어요헤헷그래도 감사합니다 덕분에 맛있게 잘 먹었어요,★★★★★,순살양념（보통맛）/1,"
맛
★
5
양
★
5
배달
★
5
",5.0
819,꿀맛이네요ㅎ 맛있게 잘먹었습니다,★★★★★,순살양념（순한맛）/1,"
맛
★
5
양
★
5
배달
★
5
",5.0
820,맛있는데 치킨이 너무 식어서 왔어요,★★★,순살양념（순한맛）/1,"
맛
★
4
양
★
3
배달
★
2
",1.79
821,배달 예상시간 분이었고  금요일 저녁이라 그런지 분 정도 걸렸네요 지코바는 처음 시켜봤는데 보통맛은 살짝 맵네요 리뷰쓴다고 하면 밥을 같이 주는줄 알았는데 떡사리만 주는거였나봅니다 배달비 천원도 결제해야하니 공지에 적혀있는 배달비 천원을 안받는다는 문구는 지워야겠네요,★★★★,순살양념（보통맛）/1,"
맛
★
3
양
★
3
배달
★
3
",1.0
822,튀김이 아닌 숯불구이라서 훨씬 부담이 덜해서 좋네요 밥이랑 먹으니 너무 좋습니다,★★★★★,순살양념（보통맛）/1,"
맛
★
5
양
★
5
배달
★
5
",4.39
823,식후감 오늘부터 지코바로 일편닭심,★★★★★,순살양념（보통맛）/1,"
맛
★
5
양
★
5
배달
★
5
",2.2
824,서비스로 주신 밥이랑 너무 잘 어울려요,★★★★★,순살양념（보통맛）/1,"
맛
★
5
양
★
5
배달
★
5
",4.61
825,라면은 제가 삶아서 추가한거에요 맛나요 크,★★★★★,순살양념（매운맛）/1,"
맛
★
5
양
★
5
배달
★
5
",1.99
826,믿고 먹는 지코바 맛있습니다,★★★★★,뼈 양념치킨（보통맛）/1,"
맛
★
5
양
★
5
배달
★
5
",4.8
827,언제 먹어도 맛있습니다,★★★★★,순살양념（보통맛）/1,"
맛
★
5
양
★
5
배달
★
5
",4.58
828,이젠 사진찍어야되는데 후죄송해요일주일에 두어번 시켜먹다보니자꾸 잊어요,★★★★★,순살양념（보통맛）/1,"
맛
★
5
양
★
5
배달
★
5
",3.6
829,먹을때마다 이성을 잃어서 사진은 생각도 안나고ㅠ,★★★★★,순살양념（보통맛）/1,"
맛
★
5
양
★
5
배달
★
5
",1.81
830,리뷰이벤트 신청햇는데 밥이안옴요 ㅠ,★★,순살양념（보통맛）/1,"
맛
★
5
양
★
5
배달
★
5
",2.0
831,진짜 대박 떡사리 서비스에 맛도 맛있고 양도 이게 지코바가 맞나 싶을정도로 많고 정말 만족합니다  배달요금없는게 너무 행복하네요 ㅎㅎ,★★★★★,순살양념（보통맛）/1,"
맛
★
5
양
★
5
배달
★
5
",4.8
832,배달 완전 빠르고 존맛탱 감동이에요,★★★★★,"순살양념（보통맛）/1,무 추가/1","
맛
★
5
양
★
5
배달
★
5
",5.0
833,진짜 존맛탱 리뷰이벤트로 따끈한 밥 서비스까지 넘넘 감사합니다 치밥이 정말 잘어울려요 뼈로 시켰는데도 살이 실하고 많아서 순살처럼 부드럽고 맛있었어요근데 저는 맵찔이라서 매운맛시켜서 긴장했는데 생각보다 그렇게 많이 맵지 않고 맛있어요 맵찔이들도 충분히 먹을수 있을정도로 순한 매운맛이예요,★★★★★,순살양념（보통맛）/1,"
맛
★
5
양
★
5
배달
★
5
",4.8
834,맛있엇어요밥도 맛있네요 이벤트할땐 자주이용,★★★★★,순살양념（보통맛）/1,"
맛
★
5
양
★
5
배달
★
5
",4.8
835,포장주문 했는데 매장이 엄청 깨끗하더라구요지정된 시간 맞춰서 메뉴도 나와있어서 바로 픽업 했습니다 양념도 넉넉하게 넣어주셨고 함께주신 흑미밥이랑 콜라도 잘 먹었습니다 엄청 맛있었어요,★★★★★,순살양념（보통맛）/1,"
맛
★
5
양
★
5
배달
★
0
",4.8
836,너무 맛있네요 밥도둑 지코바 다음번에도 이용할게요,★★★★★,순살양념（보통맛）/1,"
맛
★
5
양
★
5
배달
★
5
",4.8
837,매콤하니 엄청 맛있게 먹었어요 떡도 많이 주시고 치밥해서 너무 잘먹었습니다,★★★★★,순살양념（보통맛）/1,"
맛
★
5
양
★
5
배달
★
5
",4.6
838,잘먹었습니다 양도 많아요,★★★★★,순살양념（순한맛）/1,"
맛
★
5
양
★
5
배달
★
5
",5.0
839,맛있게 잘먹었어요,★★★★★,뼈 양념치킨（매운맛）/1,"
맛
★
5
양
★
5
배달
★
5
",5.0
840,양념 부분 보다 기름이 많아서 맛이 좀 연했는데 배달은 빠르고 좋아요,★★★★★,순살양념（보통맛）/1,"
맛
★
3
양
★
5
배달
★
5
",2.0
841,양념 부분 보다 기름이 많아서 맛이 좀 연했는데 배달은 빠르고 좋아요,★★★★★,순살양념（순한맛）/1,"
맛
★
3
양
★
5
배달
★
5
",2.0
842,맛있어요 또 시킬겁니다 밥도 한가득 주셨어요 최고,★★★★★,순살양념（보통맛）/1,"
맛
★
5
양
★
5
배달
★
5
",4.8
843,맛있게 잘 먹었습니다,★★★★★,순살양념（순한맛）/1,"
맛
★
5
양
★
5
배달
★
5
",4.8
844,맛있어용 최고 ㅎㅎ,★★★★★,순살양념（보통맛）/1,"
맛
★
5
양
★
5
배달
★
5
",4.79
845,독산호점에서 처음 시켰는데 배달이 빨라서 좋아요 맛있기도 하고요,★★★★★,"순살양념（보통맛）/1(추가메뉴(떡사리)),사이다 500ml/1","
맛
★
5
양
★
5
배달
★
5
",5.0
846,맛있어요,★★★★★,순살양념（보통맛）/1,"
맛
★
5
양
★
5
배달
★
5
",5.0
847,진짜 맛있어요 역시 지코바 며칠 전에도 시켜 먹었는데 더 맛있어요,★★★★★,순살양념（매운맛）/1,"
맛
★
5
양
★
5
배달
★
5
",5.0
848,맛있게 잘 먹었습니다 ㅎㅎㅎ역시 지코바 최곱니다,★★★★★,순살양념（보통맛）/1,"
맛
★
5
양
★
5
배달
★
5
",4.6
849,배달도빠르고 너무맛잇습니다다먹어서 사진못찌것네요,★★★★★,순살양념（보통맛）/1,"
맛
★
5
양
★
5
배달
★
5
",4.21
850,치킨과 떡이 가득하고 적당히 매콤하니 넘 맛있게 잘 먹었습니다,★★★★★,뼈 양념치킨（보통맛）/1,"
맛
★
5
양
★
5
배달
★
5
",4.6
851,맛나고 양도 많아요 근데 소스가 새서 쇼핑백이며 다 난리 ㅠㅜ 초복이라 주문이 많아서 그런가보다 합니다,★★★★★,순살양념（보통맛）/1,"
맛
★
5
양
★
5
배달
★
5
",1.59
852,잘먹었어요 감사합니다,★★★★★,순살양념（보통맛）/1,"
맛
★
5
양
★
5
배달
★
5
",5.0
853,배달도 빠르고 고기도 크고 맛있었어요 앞으로도 여기서 시켜먹을듯,★★★★★,순살양념（보통맛）/1,"
맛
★
5
양
★
5
배달
★
5
",4.39
854,식후감 바베큐치킨의 신세계 지코바,★★★★★,순살양념（순한맛）/1,"
맛
★
5
양
★
5
배달
★
5
",4.38
855,지코바 항상 맛있습니다,★★★★★,순살양념（매운맛）/1,"
맛
★
5
양
★
5
배달
★
5
",4.81
856,번째 시켜먹는데 진짜 맛 양 배달 다좋아요 더 자주 시켜먹을듯,★★★★★,뼈 양념치킨（보통맛）/1,"
맛
★
5
양
★
5
배달
★
5
",5.0
857,오랜만에 먹어서 그런가 좀 매웠어요그래도 맛있어요 ㅎㅎ,★★★★★,순살양념（보통맛）/1,"
맛
★
5
양
★
5
배달
★
5
",3.42
858,이 지점이 진짜 맛있어요ㅠ,★★★★★,순살양념（순한맛）/1,"
맛
★
5
양
★
5
배달
★
5
",5.0
859,배달도 빠르고 맛있고 좋아요 밥도 맛있어요,★★★★★,순살양념（매운맛）/1,"
맛
★
5
양
★
5
배달
★
5
",4.8
860,바베큐맛을 기대했는데 고추장맛 밖에 안느껴지네요 가정 닭볶음탕 맛 입니다제 취향은 아니네요 떡사리등 양은 푸짐합니다,★★★★★,순살양념（매운맛）/1,"
맛
★
5
양
★
5
배달
★
5
",2.42
861,맛있게 잘 먹었습니다,★★★★★,순살양념（보통맛）/1,"
맛
★
5
양
★
5
배달
★
5
",4.8
862,진짜 ㄹㅇ 개존맛탱구리 맨날 시켜먹을듯 후,★★★★★,순살양념（보통맛）/1,"
맛
★
5
양
★
5
배달
★
5
",5.0
863,빨리와서 더 좋았어요 맛도 굿,★★★★★,순살양념（보통맛）/1,"
맛
★
5
양
★
5
배달
★
5
",4.8
864,매주 시켜먹능곳 맛잇어요,★★★★★,순살양념（보통맛）/1,"
맛
★
5
양
★
5
배달
★
5
",4.6
865,식후감지코바 너무 맛있어요숯불양념인데 다른대선 못먹어본 맛이에요 맵찔이라 보통맛도 매콤하네요 ㅋㅋ 완전 대박,★★★★★,순살양념（보통맛）/1,"
맛
★
5
양
★
5
배달
★
5
",4.21
866,지코바는 언제나 배신하지 않죠ㅠㅠ 치밥으로 세끼나 먹었습니다ㅎㅎ 다음에도 맛있게 부탁드려요,★★★★★,순살양념（보통맛）/1,"
맛
★
5
양
★
5
배달
★
5
",4.6
867,잘먹었습니다,★★★★★,순살양념（보통맛）/1,"
맛
★
5
양
★
5
배달
★
5
",5.0
868,진짜 리얼 존맛탱구리네용ㅋㅋㅋㅋㅋㅋ 진짜 너무 맛잇어요 또시켜먹을께요,★★★★★,순살양념（보통맛）/1,"
맛
★
5
양
★
4
배달
★
5
",5.0
869,역시 지코바 양념은 밥이랑 잘 어울려요 떡도 엄청 많이 주셔서 진짜 배부르게 잘 먹었습니다,★★★★★,순살양념（보통맛）/1,"
맛
★
5
양
★
5
배달
★
5
",4.6
870,지코바는 원래 사랑이지요,★★★★★,순살양념（매운맛）/1,"
맛
★
5
양
★
5
배달
★
5
",5.0
871,오픈 직후에 시켜서 어제 남은 걸 보낸건지 유튜브에서 보고 기대를 좀 했는데 유튜브로 본거랑은 완전 딴판이네요 군대에서 먹은 냉동보다 딱딱한 치킨은 처음입니다 시키실 분은 무조건 저녁에 드세요,★★★,순살양념（보통맛）/1,"
맛
★
2
양
★
5
배달
★
4
",1.6
872,음식도 너무맛있고 비오는데 음식도 따뜻하게 배달해주셔서 잘먹었습니다 ,★★★★★,순살양념（순한맛）/1,"
맛
★
5
양
★
5
배달
★
5
",5.0
873,독산점은 처음 시키는데 만족해요 맛나게 잘먹었습니다 ,★★★★★,순살양념（보통맛）/1,"
맛
★
5
양
★
5
배달
★
5
",5.0
874,맛있게 잘 먹었습니다,★★★★★,뼈 양념치킨（매운맛）/1,"
맛
★
5
양
★
5
배달
★
5
",4.8
875,맛있슺니다 항상시켜먹어요,★★★★★,순살양념（보통맛）/1,"
맛
★
5
양
★
5
배달
★
5
",4.42
876,항상 만족합니다,★★★★★,순살양념（보통맛）/1,"
맛
★
5
양
★
5
배달
★
5
",5.0
877,엄청 맛있어요맵찔인데 순한맛 괜찮네요빠른 배달 감사합니다ㅎㅎ,★★★★★,뼈 양념치킨（보통맛）/1,"
맛
★
5
양
★
5
배달
★
5
",4.8
878,맛있었어용 매울까바 보통맛으로 시켯는데 생각보다 안매웟어요,★★★★★,순살양념（보통맛）/1,"
맛
★
5
양
★
5
배달
★
5
",3.01
879,배달오다가 잘못됐는지 다 엎어지고 새서 왔어요ㅜ 배고파서 일단 그냥 먹었는데 맛은 있네요ㅜ 사이다 시켰는데 콜라로 주셔서 말씀드리니 사이다 서비스로 다시 갖다 주시더라고요 ㅜ 담부턴 신경 좀 써주세요,★★★★,순살양념（순한맛）/1,"
맛
★
5
양
★
5
배달
★
3
",1.19
880,양은 많았는데 다른데서 먹었을때보다 좀 더 빨리 물리는거 같아요 지코바하면 치밥인데 안땡기는느낌 맛없진않고 보통입니다,★★★,뼈 양념치킨（보통맛）/1,"
맛
★
3
양
★
5
배달
★
5
",1.4
881,정말 제스타일이예요 지난번 주문이후 이틀만에  또주문해서 먹었어요잘 먹었습니다 ,★★★★★,순살양념（보통맛）/1,"
맛
★
5
양
★
5
배달
★
5
",5.0
882,맛있게 잘먹었어요,★★★★★,순살양념（보통맛）/1,"
맛
★
5
양
★
5
배달
★
5
",5.0
883,맛있게 먹었습니다 하지만 배달과정에서 양념이 흘러서 닦고 세팅하는데 힘들었네요,★★★★★,순살양념（순한맛）/1,"
맛
★
5
양
★
5
배달
★
2
",1.62
884,맛있게 잘 먹었습니다,★★★★★,순살양념（보통맛）/1,"
맛
★
5
양
★
5
배달
★
5
",4.8
885,식후감 요기요이벤트치밥의 원조  치밥의 진리 지코바 아침에 눈뜨자마자 주문 완료 배달료가 무료라서 다 용서되는 맛,★★★★★,순살양념（보통맛）/1,"
맛
★
5
양
★
5
배달
★
5
",4.18
886,꼬소하이 처처처처직이네,★★★★,순살양념（보통맛）/1,"
맛
★
4
양
★
4
배달
★
5
",1.59
887,다시시켜먹었는데 넘 맛있네요,★★★★★,뼈 양념치킨（보통맛）/1,"
맛
★
5
양
★
5
배달
★
5
",4.6
888,재구매 의사 만땅,★★★★★,뼈 양념치킨（보통맛）/1,"
맛
★
5
양
★
5
배달
★
5
",4.23
889,너무너무 맛있는데 너무 맵네요하,★★★★★,순살양념（보통맛）/1,"
맛
★
5
양
★
5
배달
★
5
",5.0
890,친구 엄마들이  지코바  맛있다고해서 주문했는데 진짜 맛있어요 전맥주에  딱입니다 아이들은 치밥에  딱이고자주  시켜먹을것 같아요  굿입니다,★★★★★,순살양념（보통맛）/1,"
맛
★
5
양
★
5
배달
★
5
",5.0
891,맛있음딴 지점보다 가성비 괜찮은듯,★★★★★,순살양념（보통맛）/1,"
맛
★
5
양
★
4
배달
★
5
",4.2
892,오늘도 잘 먹었습니다배달도 빠르고 감사합니다,★★★★★,순살양념（보통맛）/1,"
맛
★
5
양
★
5
배달
★
5
",5.0
893,매운맛 시켰는데 진짜맵네요ㅎ밥에 소스비벼먹으면 더 맛있을것같아요 떡사리도 맛있고 지금너무 배불러서 기분좋네요많이파세요,★★★★★,"뼈 양념치킨（순한맛）/1(추가메뉴(떡사리)),뼈 양념치킨（보통맛）/1(추가메뉴(떡사리))","
맛
★
5
양
★
5
배달
★
5
",5.0
894,항상 맛있어요 오늘 소스가 약간 싱거운듯 맵지 않지만 그래도 맛있음,★★★★★,순살양념（보통맛）/1,"
맛
★
5
양
★
5
배달
★
5
",4.4
895,지코바여기마싯습ㄴ다,★★★★★,뼈 양념치킨（보통맛）/1,"
맛
★
5
양
★
5
배달
★
5
",1.79
896,맛있고 배달도 엄청빠르네요,★★★★★,순살양념（순한맛）/1(추가메뉴(떡사리)),"
맛
★
5
양
★
5
배달
★
5
",5.0
897,진짜 여기는 배달비고 없고 맛도 맛인데 배달도 짱 빨라요,★★★★★,뼈 양념치킨（보통맛）/1,"
맛
★
5
양
★
5
배달
★
5
",4.23
898,이건 그냥 맛나요 설명 필요없음,★★★★★,순살양념（순한맛）/1,"
맛
★
5
양
★
5
배달
★
5
",4.6
899,지코바는 보통 할인도 없고 배달비도 받으니까 비싸게 느껴지는데 여긴 배달비 무료에 리뷰이벤트까지 있어서 가성비가 괜찮습니다 유독 지코바 먹는 사람들만 부심인지 뭔지 딴데랑 맛이 다르다 이런후기가 다른데서도 보이는데 이해는 안갈뿐이고 소스 적게줘서 싸우는 점주도 봤는데 여긴 넉넉히 줘서 좋았습니다,★★★★★,"순살양념（순한맛）/1,캔콜라추가/1","
맛
★
5
양
★
5
배달
★
5
",1.21
900,지코바는 언제먹어도 넘넘 맛있어용떡사리 짱짱,★★★★★,"순살양념（보통맛）/1,사이다 1.25L/1","
맛
★
5
양
★
5
배달
★
5
",5.0
901,맛있었어요오늘또먹으려고재주문해요,★★★★★,"순살양념（보통맛）/1,무 추가/1","
맛
★
5
양
★
5
배달
★
5
",5.0
902,맛있습니다 감사합니다,★★★★★,순살양념（보통맛）/1(추가메뉴(떡사리)),"
맛
★
5
양
★
5
배달
★
5
",4.8
903,맛있게 잘먹었습니다,★★★★★,순살양념（순한맛）/1(추가메뉴(떡사리)),"
맛
★
5
양
★
5
배달
★
5
",5.0
904,맛있게 잘먹었습니다,★★★★★,순살소금구이치킨/1,"
맛
★
5
양
★
5
배달
★
5
",5.0
905,항상 맛있는 지코바입니다,★★★★★,순살양념（순한맛）/1,"
맛
★
5
양
★
5
배달
★
5
",4.81
906,맛있게 잘먹었습니다,★★★★★,"뼈 양념치킨（보통맛）/1,공기밥 추가/1,캔사이다추가/1","
맛
★
5
양
★
5
배달
★
5
",5.0
907,배달 빠르고 무척 맛있어요,★★★★★,뼈 양념치킨（보통맛）/1,"
맛
★
5
양
★
5
배달
★
5
",4.8
908,두번째 첫번째는 사진도찍을 시간없이 먹었음 존맛입니당,★★★★★,순살양념（보통맛）/1,"
맛
★
5
양
★
5
배달
★
5
",5.0
909,금방왔어요 잘먹을게요,★★★★★,순살양념（보통맛）/1,"
맛
★
5
양
★
5
배달
★
5
",4.6
910,저번에 매운맛 시켰다가 다음날 화장실에서 심판 받고 보통맛으로 시켰는데 적당히 매콤하고 맛있어요  리뷰 이벤트로 떡사리 받았는데 넘 좋아요 ,★★★★★,순살양념（보통맛）/1,"
맛
★
5
양
★
5
배달
★
5
",2.63
911,꿀맛이지,★★★★★,순살양념（보통맛）/1,"
맛
★
5
양
★
5
배달
★
5
",4.8
912,역시 맛있고 밥비벼 먹으면 최곱니다,★★★★★,순살양념（보통맛）/1,"
맛
★
5
양
★
5
배달
★
5
",4.6
913,맛있어요 ㅎㅎ ㅎㅎㅎ,★★★★★,뼈 양념치킨（보통맛）/1,"
맛
★
5
양
★
5
배달
★
5
",4.8
914,솔직하게 리뷰쓸게요 저는 년이상 지코바를 애정해서 자주먹고 그러는데요 가맹점마다 약간의 차이가 있을 순 있지만 양념맛이 조금 많이 달라요 지코바 양념의경우 이렇게 빨간 색상을 띠지 않습니다 대다수의 다른 가맹점들도 그렇구요 닭에서도 비린내가 조금나네요 개선을 하셨으면 좋겠네요,★★★★,"순살양념（보통맛）/1,무 추가/1","
맛
★
4
양
★
5
배달
★
5
",1.79
915,야무지네유 배달도 빨라서 좋아요,★★★★★,순살양념（보통맛）/1,"
맛
★
5
양
★
5
배달
★
5
",4.8
916,밥이랑 먹든 치킨만 먹든 진짜 뭐랑 먹어도 다 맛있을 맛 입니다혼자 먹었어서 치킨이 좀 남았었는데 그 다음날에 또 먹어도 맛있더라구요ㅎ 다음에 또  치킨먹고 싶으면 여기서 시킬려구 맘 먹었습니다 오랜만에 돈이 아깝지 않았어요 진짜 너무 맛있었습니다,★★★★★,순살양념（보통맛）/1,"
맛
★
5
양
★
5
배달
★
5
",4.8
917,맛잇게 잘 먹었습니다 치밥은 역시 지코바,★★★★★,순살양념（보통맛）/1,"
맛
★
5
양
★
5
배달
★
5
",4.6
918,배송도 빠르고 역시 지코바예여 맛있어요 ㅎㅎ,★★★★★,순살양념（보통맛）/1,"
맛
★
5
양
★
5
배달
★
5
",5.0
919,배달 빠르고 맛있었습니다,★★★★★,뼈 양념치킨（보통맛）/1,"
맛
★
5
양
★
5
배달
★
5
",5.0
920,맛있었어요오오오옹ㅎㅎ,★★★★★,순살양념（보통맛）/1,"
맛
★
5
양
★
5
배달
★
5
",5.0
921,항상 꿀맛이죠,★★★★★,순살양념（보통맛）/1,"
맛
★
5
양
★
5
배달
★
5
",5.0
922,밥도 비벼먹고 맛있게 먹었습니다,★★★★★,뼈 양념치킨（보통맛）/1,"
맛
★
5
양
★
5
배달
★
5
",4.39
923,진짜 맛있어요 배달 시간도 엄청 빠르고 소스도 넉넉하게 주셔서 치밥의 참맛을 느낄 수 있습니다 배달비 원도 개꿀입니다,★★★★★,순살양념（매운맛）/1,"
맛
★
5
양
★
5
배달
★
5
",5.0
924,지코바 처음시켜봤는데 맛있네요,★★★★★,순살양념（보통맛）/1,"
맛
★
5
양
★
5
배달
★
5
",4.38
925,이게 치킨이지 파멸적인 맛입니다,★★★★★,순살양념（보통맛）/1,"
맛
★
5
양
★
5
배달
★
5
",1.39
926,양도 많고 두명이 밥 두공기와 한끼식사로 맛있게 잘 먹었습니다 번창하세요 ,★★★★★,뼈 양념치킨（보통맛）/1,"
맛
★
5
양
★
5
배달
★
5
",4.6
927,너무 맛있었요 근데 먹는냐구 사진을 못 찍었어요  근데 진짜 맛은 최고였어요,★★★★★,순살양념（순한맛）/1,"
맛
★
5
양
★
5
배달
★
5
",5.0
928,배달도 빠르고 완전 맛있네요서비스로 주신 흑미밥도 잘 먹어써용치밥은 역시 지코바,★★★★★,순살양념（보통맛）/1,"
맛
★
5
양
★
5
배달
★
5
",5.0
929,배달 진짜 빨랐구요 소스 진짜 넉넉히 주셨어요최소 공기는 비빌수 있을정도였고요 완전 강추합니다 진짜 핵존맛탱구리,★★★★★,순살양념（보통맛）/1,"
맛
★
5
양
★
5
배달
★
5
",5.0
930,ㅈㅁㅌ       이거지,★★★★★,순살양념（보통맛）/1,"
맛
★
5
양
★
5
배달
★
5
",3.15
931,배달비도 없고 맛있고 양많고 떡사리 많이 주셔서 감사해요,★★★★★,순살양념（보통맛）/1,"
맛
★
5
양
★
5
배달
★
5
",5.0
932,배달이 빨리와서 따뜻하게 먹을수 있어서 좋았어요 양념이 진해서 치밥으로 딱 어울렸구요 떡사리 많아서 넘넘 좋았어요 ㅎㅎ,★★★★★,순살양념（순한맛）/1(추가메뉴(떡사리)),"
맛
★
5
양
★
5
배달
★
5
",5.0
933,진짜 치밥은 지코바가 짱이예요잘 먹었습니당,★★★★★,"순살양념（보통맛）/1,콜라 1.25L/1","
맛
★
5
양
★
5
배달
★
5
",5.0
934,언제 먹어도 맛있네요남은 양념에 밥 비벼먹으면 좋아요,★★★★★,"순살양념（보통맛）/1,무 추가/1,사이다 1.25L/1","
맛
★
5
양
★
5
배달
★
5
",4.59
935,뼈만 시켜먹다가 순살 시켜봤는데 편하고 좋네요,★★★★★,순살양념（보통맛）/1,"
맛
★
5
양
★
5
배달
★
5
",5.0
936,너어어어어무 맛있어요 또 시켜먹을거에요,★★★★,순살양념（보통맛）/1,"
맛
★
4
양
★
4
배달
★
5
",5.0
937,배달도 너무 빨리와서 당황했어요 맛이야 항상 맛있어서 자주 시키는곳이라 믿고 시킵니다ㅎㅎㅎ잘먹었습니다,★★★★★,순살양념（보통맛）/1,"
맛
★
5
양
★
5
배달
★
5
",4.21
938,배달 빨라요첨 시켜먹는데 맛있네요,★★★★★,순살양념（매운맛）/1,"
맛
★
5
양
★
5
배달
★
5
",4.8
939,맛있어요 지코바다음에 또시킬게요,★★★★★,순살양념（보통맛）/1,"
맛
★
5
양
★
5
배달
★
5
",4.81
940,보통도 충분히 맵네용 잘 먹었습니다 ,★★★★★,순살양념（보통맛）/1,"
맛
★
5
양
★
5
배달
★
5
",4.6
941,역시 지코바는 존맛입니다ㅎ,★★★★★,뼈 양념치킨（매운맛）/1,"
맛
★
5
양
★
5
배달
★
5
",5.0
942,맛있게 잘먹었습니다,★★★★★,순살양념（보통맛）/1(추가메뉴(떡사리)),"
맛
★
5
양
★
5
배달
★
5
",5.0
943,맛있게 잘 먹었습니다,★★★★★,순살양념（보통맛）/1,"
맛
★
5
양
★
5
배달
★
5
",4.8
944,맛있게 잘먹었어요 번창하세요,★★★★★,순살양념（보통맛）/1,"
맛
★
5
양
★
5
배달
★
5
",5.0
945,맛이ㅛ게 멋었습니다,★★★★★,순살양념（보통맛）/1,"
맛
★
5
양
★
5
배달
★
5
",4.59
946,맛나용,★★★★★,순살양념（매운맛）/1,"
맛
★
5
양
★
5
배달
★
0
",4.2
947,리뷰이벤트인데도 떡사리 많이 주시네요,★★★★★,순살양념（순한맛）/1,"
맛
★
5
양
★
5
배달
★
4
",4.2
948,배달도 예상시간보다 빨랐고 치밥은 언제나 지코바가 제일 맛있어요,★★★★★,순살양념（매운맛）/1,"
맛
★
5
양
★
5
배달
★
5
",4.59
949,제가사진을못찍어서ㅜㅜㅜ존맛입니다,★★★★★,순살양념（보통맛）/1,"
맛
★
5
양
★
5
배달
★
5
",3.8
950,항상 맛있네요 감사합니다,★★★★★,순살양념（매운맛）/1,"
맛
★
5
양
★
5
배달
★
5
",5.0
951,배달 진짜 빠르고 늘 맛있어용 ,★★★★★,순살양념（보통맛）/1,"
맛
★
5
양
★
5
배달
★
5
",5.0
952,너무 맛있어요  배달원도 완전 센스쟁이  ㅋㅋㅋㅋㅋㅋㅋㅋㅋㅋㅋㅋㅋㅋㅋㅋㅋㅋ 맛있는 지코바 먹게 해주셔서 감사합니다 ,★★★★★,"순살양념（보통맛）/1,햇반/1","
맛
★
5
양
★
5
배달
★
5
",5.0
953,맛있게 잘먹었습니다,★★★★★,순살양념（순한맛）/1,"
맛
★
5
양
★
5
배달
★
5
",5.0
954,중간맛 시켰는데 매운맛으로 잘못왔어요ㅠㅠ제가 매운 거 잘 못먹어서 다 못먹었어요그래도 너무 좋아하는 음식점이라 별 다섯개 드릴게요 맛은 있으니까 ㅎㅎㅎ다음부터 신경 써주세요 사장님,★★★★★,순살양념（매운맛）/1,"
맛
★
5
양
★
5
배달
★
5
",1.99
955,맛있게잘먹었습니다 또주문할게요,★★★★★,뼈 양념치킨（매운맛）/1,"
맛
★
5
양
★
5
배달
★
5
",4.6
956,항상 즐겨먹는 지바코존맛탱잘먹었습니다,★★★★,순살양념（매운맛）/1,"
맛
★
5
양
★
5
배달
★
5
",4.6
957,맛있어요 생각 이상으로 맵네요,★★★★★,순살양념（순한맛）/1,"
맛
★
5
양
★
5
배달
★
5
",5.0
958,너무 맛있게 먹었어요,★★★★★,"순살양념（보통맛）/1,콜라 1.25L/1","
맛
★
4
양
★
4
배달
★
4
",5.0
959,진짜 맛있고 배달비 안받으시는거 혜자리뷰이벤트로 흑미밥도 엄청 잘먹었습니다또 시킬 거예요,★★★★★,순살양념（보통맛）/1,"
맛
★
5
양
★
5
배달
★
5
",5.0
960,밥땡기는맛 떡도 치킨도 맛있어요,★★★★★,순살양념（보통맛）/1,"
맛
★
5
양
★
5
배달
★
5
",4.8
961,맛있게잘묵엇습니다,★★★★★,뼈 양념치킨（순한맛）/1,"
맛
★
5
양
★
5
배달
★
5
",4.8
962,맛있어요 역시 지코바 굳,★★★★★,뼈 양념치킨（보통맛）/1,"
맛
★
5
양
★
5
배달
★
5
",4.81
963,배달도 빠르고 좋아요 조금 간이 안 배어있었는데 그래도 맛있어요,★★★★★,순살양념（보통맛）/1,"
맛
★
5
양
★
5
배달
★
5
",3.18
964,치밥은 역시 지코바 ㅋㅋㅋ굿,★★★★★,순살양념（보통맛）/1,"
맛
★
5
양
★
5
배달
★
5
",4.81
965,배달 빨라요 순한맛 주문했는데 보통인거 같아요ㅠㅠ전에 주문했던 순한맛보다 매워요그래도 맛있습니다,★★★★★,순살양념（보통맛）/1,"
맛
★
5
양
★
5
배달
★
5
",1.97
966,굳,★★★★★,"순살양념（보통맛）/1,공기밥 추가/1","
맛
★
5
양
★
5
배달
★
5
",4.2
967,급하게 먹다가 사진 찍네요 너무 맛있습니다 치밥이 제일 어울리는 지코바답네요 굿굿,★★★★★,순살양념（매운맛）/1,"
맛
★
5
양
★
5
배달
★
5
",4.59
968,너무 맛있게 잘먹었습니다,★★★★★,순살양념（보통맛）/1,"
맛
★
5
양
★
5
배달
★
5
",5.0
969,배달도 빠르고 조리상태 최상이네요,★★★★★,순살양념（순한맛）/1,"
맛
★
5
양
★
5
배달
★
5
",4.6
970,처음 시켜 먹어봤는데 너무 맛있어요,★★★★★,순살양념（매운맛）/1,"
맛
★
5
양
★
5
배달
★
5
",5.0
971,정말 맛있게 잘먹었습니다,★★★★★,뼈 양념치킨（보통맛）/1,"
맛
★
4
양
★
5
배달
★
5
",5.0
972,주말엔 지코바 치밥이 최고인듯 서비스 밥까지 넘 감사합니다 따끈하게 배달와서 너무 좋아요 잘먹을게용,★★★★★,"순살양념（순한맛）/1,공기밥 추가/1","
맛
★
5
양
★
5
배달
★
5
",5.0
973,계속 먹게되네요 ㅋㅋ,★★★★★,순살양념（보통맛）/1,"
맛
★
5
양
★
5
배달
★
5
",3.76
974,배달도 빠르게 해주시고 치킨 너무 매콤하고 맛있어요 양도 많고 떡도 쫀득하고 너무 맛있게 잘먹었습니다,★★★★★,순살양념（보통맛）/1,"
맛
★
5
양
★
5
배달
★
5
",5.0
975,양 왜케많아뇹  ㅋㅋㅋㅋㅋㅋ잘먹어ㅆ어요,★★★★★,순살양념（보통맛）/1,"
맛
★
5
양
★
5
배달
★
5
",3.04
976,먹다가 찍었어요 ㅎㅎ맛있습니다,★★★★★,순살양념（보통맛）/1,"
맛
★
5
양
★
5
배달
★
5
",4.6
977,맛있게잘먹었습니다,★★★★★,순살양념（보통맛）/1,"
맛
★
5
양
★
5
배달
★
5
",5.0
978,말이 필요없네요 또 시킬꺼라 ㅎㅎ,★★★★★,순살양념（보통맛）/1,"
맛
★
5
양
★
5
배달
★
5
",4.59
979,지코바는 절대 배신하지 않는다,★★★★★,순살양념（보통맛）/1,"
맛
★
5
양
★
5
배달
★
5
",4.81
980,짱 맛나요,★★★★★,순살양념（보통맛）/1,"
맛
★
5
양
★
5
배달
★
5
",4.8
981,밥도둑이에요 정말,★★★★★,순살양념（보통맛）/1,"
맛
★
5
양
★
5
배달
★
5
",5.0
982,리뷰 늦게 남겨 죄송해요너무 맛있게 먹었습니다다른집보다 매워서 스트레스 풀때 제격입니다또시켜먹을게요,★★★★★,순살양념（매운맛）/1,"
맛
★
5
양
★
5
배달
★
5
",5.0
983,맛있게 잘먹었어요,★★★★★,뼈 양념치킨（보통맛）/1,"
맛
★
5
양
★
5
배달
★
5
",5.0
984,으 매운맛 시켰더니 엄청 맵네요,★★★★,순살양념（보통맛）/1,"
맛
★
4
양
★
4
배달
★
4
",2.99
985,맛있어요 지코바 최고입니당,★★★★★,순살양념（보통맛）/1,"
맛
★
5
양
★
5
배달
★
5
",5.0
986,너무 맛있게 먹었습니다 역시 지코바,★★★★★,순살양념（보통맛）/1,"
맛
★
5
양
★
5
배달
★
5
",5.0
987,맛있게 잘 먹었습니다,★★★★★,순살양념（보통맛）/1,"
맛
★
5
양
★
5
배달
★
5
",4.8
988,처음먹는건데 보통맛으로 시킬걸 구랬어요 ㅠ진짜 매워요ㅋㅋㅋ 근데 맛있네용,★★★★★,순살양념（매운맛）/1,"
맛
★
5
양
★
5
배달
★
4
",1.61
989,진짜 매워요 스트레스 날려요,★★★★★,순살양념（보통맛）/1,"
맛
★
5
양
★
5
배달
★
5
",4.79
990,맨날 여기 지코바에서 시켜먹는데 진짜 맛있습니다 근데 허겁지겁 먹느라 사진도 못찍었네요 ㅜㅜ,★★★★★,순살양념（보통맛）/2,"
맛
★
5
양
★
5
배달
★
5
",4.18
991,배달도 빠르고 항상 맛있게 잘 먹었습니다,★★★★★,순살양념（보통맛）/1,"
맛
★
5
양
★
5
배달
★
5
",4.81
992,항상 맛있습니다 다만 아쉬운부분에 건의를 드리자면 박스 위에 은박지 하나 씌우는게 어떨까요,★★★★★,순살양념（보통맛）/1,"
맛
★
5
양
★
5
배달
★
5
",4.8
993,맛있게 잘 먹었습니다 배달도 생각보다 빨리와서 시간맞춰 축구보며 먹을 수 있어 좋았습니다,★★★★★,"순살양념（매운맛）/1,무 추가/1","
맛
★
5
양
★
5
배달
★
5
",4.4
994,떡빼달라는 요청사항 놓치지않아주셔서 감사합니다 맛도 넘 맛나요,★★★★★,"순살양념（보통맛）/1,무 추가/1","
맛
★
5
양
★
5
배달
★
0
",5.0
995,너무 맛잇게 먹엇어용ㅎㅎ 치밥이 굿이에용,★★★★★,순살양념（매운맛）/1,"
맛
★
5
양
★
5
배달
★
5
",4.8
996,양념은괜찮았고 양도많았는데 넘질겨서 먹지를못하겠네요 이렇게 질긴 통닭은 첨먹어보네요 여러통닭집을시켜먹어봤지만 이렇게 질긴통닭은 첨이네요 거의 버렸어요 먹지를못하겠네요 두번시켜먹고싶다는생각이 없어졌어요 그럼수고하세요,★,순살양념（보통맛）/1,"
맛
★
1
양
★
4
배달
★
5
",1.99
997,배달도 빠르고 맛잇어요,★★★★★,순살양념（보통맛）/1,"
맛
★
5
양
★
5
배달
★
5
",4.61
998,정말 맛있어요 굿,★★★★★,순살양념（보통맛）/1,"
맛
★
5
양
★
5
배달
★
5
",5.0
999,너무맛있어요 밥반찬 뚝딱 ㅎ,★★★★★,순살양념（보통맛）/1,"
맛
★
5
양
★
5
배달
★
0
",4.8
