,review,star,pred
1,맛은 둘째치고 치킨갯수가 왜 개나 빠져있는지 모르겠네요제가 알기론 핫윙갯수가 개로 아는데  개밖에 없네요그리고 포장도 어째서 배달원이 함부로 빼먹을수있게 해둔지 모르겠습니다제발 이런건 잘 좀 단속좀 부탁드립니다배달원도 배달하는데 눈돌리고 치킨만 건네주길래 뭔가했더니 빼먹은거였네요,1,5
2,맛나요맛나요맛나요 ㅎㅎ 맛나요맛나요맛나요,5,1
3,오징어튀김은 참 별로네요하니씩 천원을 받으면서  참 아니네요,1,5
4,ㅅㅅㅅㅅㅅㅅㅅㅅㅅㅅㅅ,5,1
5,닭씻고나서 조리한건가요 잡내나는것 같네요,1,5
6,닭이 아니고 병아리 다리인 줄 알았습니다 두번째 사진은 타 지점이구요 리뷰보니 다른 사람도 말 있던데 본사 닭이어도 인간적으로 엄지만한 닭다리는 알아서 걸러야 되는 거 아닌가요 껍질 퀄리티도 참 그렇다고 요청 사항을 들어준 것도 아니고 좀 심하네요,1,5
7,매우만족 입니다 강추,5,1
8,치킨 무 먹을 때 오래된건 너무 물렁해서 유통기한 오래 안남은거 부탁드렸는데 배달 메모 적어놔도 그런거 신경 안쓰시는거 같고 역시나 치킨도 다른 지점이랑 다르게 오래된 기름으로 튀기시나봐요 ㅠㅠ,1,5
9,바삭하고 맛있었어요,5,1
10,포장하러 갔는데 아져씨가 인사드려도 무시하고 묻는 말에 대답도 안하고굉장히 불친절 함 불쾌한 상태에서 치킨을 먹으니 맛도 별로네요그냥 다른 곳에서 먹을게요,1,5
11,바싹한 치킨과 바싹하고 매콤한 맛이 있는 두가지라 좋더라고요 보내주신 머스타드와 양념치킨 소스를 찍어서도 잘 먹었습니다 다음에도 잘 부탁드립니다,5,1
12,맛있었어요 왕갈비소스도 넘 좋아요,5,1
13,맛나요맛나요맛나요 ㅎㅎ 맛나요맛나요맛나요,5,2
14,맛있게 잘먹었어요,5,2
15,항상 맛있는데 오늘은 너무 기름졌어요,4,1
16,반반치킨 바삭하고 따뜻하고 맛있어요,5,2
17,천원 추석할인 중이라 그런건지 한입 베어물었는데 기름기가 너무 많아서 너무 축축한 식감이었어요 고기에 기름이 너무 많았습니다 축축했어요,3,5
18,신랑오는시간 맞쳐서 주문했는데  분후에 도착한다고 떴는데  도착시간하고 안맞게 왔네요  다른곳보다 맛이 좀 떨어지네요 양두  작은편이구 돈만 아깝네요,2,4
19,극한매운왕갈비에 양념도 제대로 안 버무려져있고왜 파가 하나도없나요전에는 항상 파가 양념에 겉이 버무려져있었는데,3,5
20,짜리 콜라가 으로 변하는 마술 잘봤습니다,3,5
21,다 좋은데 닭 마리를 부위가 아닌 그냥 조각으러 잘라놓은것마냥 조각이 손바닥만 합니다 먹기 부담스러워요ㅠㅠ 좀 더 조각조각으로 해주셨으면 좋겠습니다,3,5
22,황올 조각 시켰는데핫황올 조각 왔네요맵찔이라 땀이 삐질삐질 나네요,3,5
23,많이먹었지만 오늘처럼 닭이 이렇게 작은건 처음먹어요다른프랜차이즈 치킨보다 비싸지만 양많고 맛잇어서먹는데 오늘은 조각을 조각을 내서인지 모르겠지만평소에 시켰을때랑 너무달랐어요사진은 두조각 덜고 찍은거에요ㅜ,3,5
24,음식이 식었어요 미지근 이하였고 바질은 너무 달아요 제가만든 바질소스랑 먹었어요 하나 먹고 나머지 남겼어요 비싼 듯 해요  전번에 반밤 치킨이 더나은거 같아요,3,5
25,처음 주문했는데 치킨 조각이 너무 커서 세 아이가 들고 먹기 버거웠고요 치킨살이 매콘한 맛이나서 애가 매워서 하나도 못먹었어요,3,5
26,작게 조각내 달라했더니 엄청 크게 조각내 주셨네요  요청사항 좀 잘 보시길,2,4
27,변함 없이 똑같아요맛나게 먹었어요,4,5
28,맛 배달 서비스 모두 좋습니다,5,4
29,아이들이 잘 먹네요 밥이랑 궁합이 잘 맞네요,4,5
30,치킨중에서 젤 맛있는 것 같아요 빠삭함도 좋구 기름도 깨끗한 느낌  정말 깨끗한 기름을 쓴 느낌 맛있어요,5,4
31,양도 많고 빠른 배달푸짐하게 잘먹었어요 콜라와마스크까지  공짜로  주시네요대박나세요,5,4
32,맛있었어요 역시 기본 후라이드는 비비큐,5,4
33,항상 바삭하고 고소하고 매콤하고한결같은맛 맛있어요,4,5
34,맛나요맛나요맛나요 ㅎㅎ 맛나요맛나요맛나요,5,4
35,맛있었는데왜 목이 없죠ㅎㅎ가장 좋아하는 부위인데ㅎㅎ그거 빼곤 전체적으로 만족합니다또 시켜먹을게요,5,4
36,맛있었는대 머리카락한개 나와서 별하나뺐어요,4,5
37,일반 양념보다 매워서 더 맛있네요,4,5
38,잘먹었습니다 언제나 한결같은 맛,4,5
39,잘먹었습니다,5,4
40,맛이 생각보다 많이 맵네요,4,5
41,이번에도 맛있게 잘 먹었어요,4,5
42,맛있게 잘 먹었어요,5,4
43,아주 맛있어요 비비큐에선 황금올리브가 가장 기본이며 짱이네요 강추합니다,5,4
44,맛도좋고 배송도 빠르고 만족합니다,5,4
45,혼자먹기 좋 아 요,4,5
46,양이조금아쉽긴하지만그래도맛나요,5,4
47,치킨에 별개 오징어튀김 맛과양에 별개  세트시키면 뭔가속은기분드는메뉴네요치킨 단품메뉴만 먹는게 훨신좋겠습니다,4,5
48,잘먹었습니다,4,5
49,너무 배고파서 한 입 베어먹고나서 찍었네요너무 친절하게 응대해주셔서 감사해서 리뷰남깁니다치킨 체인점들 맛 거의 비슷한데친절에 감사해서 자주 주문하고 싶습니다즐거운 추석 연휴 보내세요 사장님,5,4
50,배달빨랏아요 역시 황올 바삭함,5,4
51,약간 미지근했지만 배달이 많아서 그랬겠지요맛있었어용잘먹었습니다ㅎㅎ,4,5
52,잘먹었어요,4,5
53,맛잇어요배달도 빠르고굿굿,5,4
54,급히 먹느라 리뷰를 ㅠㅠ 맛잇고 배달 빨라요,5,4
55,맛있게 잘 먹었습니다,5,4
56,너무 너무 스모크닭 맛나요,4,5
57,쏘쏘해요쏘쏘 쏘쏘 쏘쏘,4,5
58,역시 비비큐는 후라이드,4,5
59,배달이 좀 늦어서 그런가 더 맛있게 먹었네요,4,5
60,맛있게 잘먹었습니다   ㅜ 요즘 치킨 가격이 다들 올라서 슬프지만요,4,5
61,치킨 하나가 타서옴,4,5
62,후추가 너무 많아요 근데 맛있어요 중독적이예요,5,5
63,맛있어요맛있어요맛있어요,5,5
64,짱짱맨 완전맛있맨,5,5
65,맛나요맛나요맛나요 ㅎㅎ 맛나요맛나요맛나요,5,5
66,맛나요맛나요맛나요 ㅎㅎ 맛나요맛나요맛나요,5,5
67,너무 맛있고 양도 많네요,5,5
68,변함없는  치킨이예요 후라이드는 역시,5,5
69,배달앱 리플 처음 남깁니다 제 치킨 인생에서 가장 혜자스러운 치킨이었습니다 사장님 조금 일하고 돈 많이 버세요,5,5
70,바삭바삭하니 좋네요브레이브걸스 이뽀올 ㅎ,5,5
71,맛있게 먹다가 치킨에 초록색이 보여서 뭐지 했는데웬 비닐조각이 있어서 너무 놀랐습니다만약 삼켰으면 생각하기도 싫네요ㅜㅜ더욱더 조심해주시면 좋겠습니다,5,5
72,맛있게 잘먹었어요,5,5
73,맛나요맛나요맛나요 ㅎㅎ 맛나요맛나요맛나요,5,5
74,맛나요맛나요맛나요 ㅎㅎ 맛나요맛나요맛나요,5,5
75,기사님이 손잡이에 잘 걸어주셨어요안전운전 하시고 복받으세요,5,5
76,동생 시켜줬는데 바삭바삭하다고 엄청 좋아하네요배달도 제시간에 와서 따뜻하게 먹었습니다감사합니다,5,5
77,맛이이습니다 ,5,5
78,맛있게 잘 먹었습니다 다만 바라는 점이 있다면 블래페퍼는 한곳에 뭉치지 않게 골고루 뿌려 주셨으면 좋겠습니다,5,5
79,맛나요맛나요맛나요 ㅎㅎ 맛나요맛나요맛나요,5,5
80,맛있었습니다 여기 지점은 맛좋네요 많이파세요,5,5
81,맛있어요맛있어요맛있어요,5,5
82,네네네네ㅔ네네네네네네ㅔ네네네네기대안해요이제,5,5
83,야식은 비비큐죵 맛있었습니다,5,5
84,잘잘잘잘잘먹었습니다,5,5
85,혼자먹는데 반마리 배달되서 너무좋아요 사이드하나랑 같이먹으니까 딱좋네요,5,5
86,치킨향 못참고 먹다가 중간에 찍었네요ㅋㅋ시흥본점 사장님 믿고 주문합니다 너무 맛있게 해주세요,5,5
87,맛있게 잘 먹었네요,5,5
88,맛있게 잘 먹었습니다,5,5
89,완죤맛있고무엇보다 뜨끈뜨끈하게 와서 정말 죠아뜸미당 잘무거뜸돵,5,5
90,맛나요맛나요맛나요 ㅎㅎ 맛나요맛나요맛나요,5,5
91,는 언제나 맛있네요,5,5
92,너무 맛있어요 바삭바삭하니  언제나 비비큐는 진리,5,5
93,맛나요맛나요맛나요 ㅎㅎ 맛나요맛나요맛나요 ㅋㅋ 맛나요맛나요맛나요,5,5
94,잘먹었습니다 맛있어요,5,5
95,항상 이것만 먹어요,5,5
96,반마리 혼자서먹기에 딱좋네요최소주문금액맞추는건 좀 아쉽지만요,5,5
97,맛나요맛나요맛나요 ㅎㅎ 맛나요맛나요맛나요,5,5
98,식후감 오늘부터 일편닭심,5,5
99,배달도 빠르고 맛나게 잘 묵었습니다 수고하시고 사업 번창하세요ㅡ,5,5
100,역시 맛있습니다 최애 치킨이에요,5,5
101,사진은 못찍었지만 블페 맛있네요,5,5
102,배달도 시간안에 오고 치킨도 맛있어요 치즈볼도 맛있고 만족스러웠어용 ㅋ,5,5
103,맛있게 잘먹었습니다 ㅋ,5,5
104,배달도 재시간에 오고 바삭한게 맛있네요근데 생각보다 매콤해서 아이는 못 먹었어요,5,5
105,역시나 믿고 먹는 비비큐 양념입니다,5,5
106,역시 후라이드는 네요 잘먹었습니다,5,5
107,맛있게 잘 먹었습니당뱀파이어 없어서 아쉽네요 마라핫 너무 안매웠어요 ㅠㅠ매운 치킨 추천좀 해주세용,5,5
108,맛있었습니다양도 완전 많아서 먹다가 남았어요ㅠㅠ배달도 빨리와서 일찍 먹을 수 있어서 좋았습니다,5,5
109,맛있게 잘 먹었습니다,5,5
110,맛있게 잘 먹었습니다,5,5
111,맛잇게잘먹었습니다,5,5
112,아들이 이것만 먹어요바삭 촉촉 맛있어요,5,5
113,치킨 정말 맛잇습니다,5,5
114,맛나요맛나요맛나요 ㅎㅎ 맛나요맛나요맛나요,5,5
115,맛있어요 배달도 빠르고 굿,5,5
116,배달시간 딱 맞고 맛있어요,5,5
117,맛나요맛나요맛나요 ㅎㅎ 맛나요맛나요맛나요,5,5
118,배달도 빠르고 역시 비비큐 맛싯쩡,5,5
119,맛나요맛나요맛나요 ㅎㅎ 맛나요맛나요맛나요,5,5
120,배달 빠르고 맛있어요,5,5
121,왼전맛있어요올리브치킨,5,5
122,바삭바삭하니 맛있어요      감자튀김도 맛있어요,5,5
123,배달도 빠르고 맛있습니다,5,5
124,배달도 빠르고 잘 묵었습니다 수고하시고 사업 번창하세요ㅡ,5,5
125,맛나요오옹오우ㅡㅇ,5,5
126,맛나요맛나요맛나요 ㅎㅎ 맛나요맛나요맛나요,5,5
127,맛나요맛나요맛나요 ㅎㅎ 맛나요맛나요맛나요,5,5
128,비비큐 항상 맛있어요,5,5
129,맛있다 맛있어 정말 맛있어,5,5
130,맛있게 잘먹었습니다,5,5
131,맛있어요바삭바삭 매주 일요일은  ,5,5
132,맛있게 애들과 잘먹었습니다,5,5
133,맛나요맛나요맛나요 ㅎㅎ 맛나요맛나요맛나요,5,5
134,사장님 코로나로 그나마 배달은 잘된다 들었어요더더욱 번창하세요,5,5
135,맛나요맛나요맛나요 ㅎㅎ 맛나요맛나요맛나요,5,5
136,맛나요맛나요맛나요 ㅎㅎ,5,5
137,치킨강정을 좋아해서 주문을 했고요 빨리 배달해주셔서 뜨거운 상태로 바싹하고 달콤해서 아주 맛있게 잘 먹었습니다 청양고추를 썰어서 같이 먹으면 맛이 더 좋더라고요 ㅎ,5,5
138,맛나요맛나요맛나요 ㅎㅎ 맛나요맛나요맛나요,5,5
139,맛이잇습니다 ,5,5
140,맛있고 배달도 빠릅니다,5,5
141,역시 비비큐는 최고의 튀김옷을 자랑하네요 아주 제취향입니다 굿굿굿,5,5
142,맛있게 잘 먹었어요,5,5
143,맛이써요,5,5
144,배달빠르고 맛있어요,5,5
145,잘먹었습니다 맛있네요,5,5
146,오랜만에 먹으니 맛있네요,5,5
147,맛있어요 빨리와요 굿,5,5
148,비비큐 핫크리스피는 진리,5,5
149,맛있었어요 양념은 조금 짜고 맵더라규요 역시 황올이 답입니다,5,5
150,후라이드중최고에요후라이드중최고에요,5,5
151,조각이내요 배터지는줄 ㅎㅎ 큼직하고 맛있고 포장빠르고 깔끔하고 최고입니다,5,5
152,배달도 빠르고 쿠폰땜에 싸게 잘 묵었습니다 수고하시고 사업 번창하세요ㅡ,5,5
153,맛있게 잘 먹었어요 배달도 정시간보다 살짝 이르게 왔습니당,5,5
154,바삭바삭 맛있어요 잘먹었습니다,5,5
155,맛있어요 소스가 조금만 더 있었음 좋겠어요,5,5
156,너무 맛있어요배달도 괜찮고 양도 나쁘지 않았어요무엇보다 문자를 주시는데 정성이 느껴져서 기분좋게 잘 먹었던거 같아요,5,5
157,맛있습니당 ㅎㅎㅎㅎㅎ,5,5
158,맛있어요 닭도 크고 배달도 비오는날인데도 빨리해주셨내요,5,5
159,양많고 맛있어서 좋앗고 주문한것도 빨리 나와서 좋네요,5,5
160,맛나요맛나요맛나요 ㅎㅎ 맛나요맛나요맛나요,5,5
161,잘 먹었습니다,5,5
162,후라이드는 황금올리브가 진리,5,5
163,말이 필요없음 그냥 존맛,5,5
164,맛있게 잘 먹었습니다,5,5
165,배달도 빠르고 맛있습니다,5,5
166,비비큐는 독산시흥점 고정입니다 닭 맛있고 배달 좋고 변동이 있으면 항상 전화 먼저 주어서 양해 구하십니다 번창하세요,5,5
167,가성비 훌륭합니다,5,5
168,맛있어요 잘먹았습니다 ㅎㅎ,5,5
169,맛있어요 후라이드는 역시 비비큐,5,5
170,항상 맛잇어요 ㅎㅎ,5,5
171,맛있게 먹었습니다,5,5
172,항상 뜨겁게 배달되서 더 맛있어요,5,5
173,배달빠르게와주셔서 감사해요맛있게 잘먹었어요,5,5
174,빨리 오고 맛있었습니다,5,5
175,엉치뼈는 사랑입니다 또 시킬께요,5,5
176, 이제 독산시흥본점에서만 주문할래요따뜻하고 바삭하고고소하고 너무너무 맛있어요찐킹소스는 처음인데 적당히 매콤달콤육질도 신선하고 부드럽고 정말 맛있게 잘 먹었습니다요청사항도 잘 들어주시고 단골할께요,5,5
177,따뜻하고 맛있게  잘먹었어요 ,5,5
178,쿠폰땜에 바쁘실텐데 분만에 오고 맛나게 잘 묵었습니다 수고하시고 사업 번창하세요ㅡ,5,5
179,맛있어요맛있어요맛있어요,5,5
180,비비큐는 언제나 맛있어요항상 만족스러워요,5,5
181,세상에 진짜진짜 깐풍 꼭 시켜드세요무슨 요리가왔어요 최고 술안먹으려했는데 맥주필,5,5
182,집이랑 가까워서 자주 이용하는데 먹을때마다 맛있네요 ㅎㅎ,5,5
183,야식은 역시 치킨이죠 올리브치킨 잘 먹었습니다다음에 또 주문할께요,5,5
184,항상잘머고잏어요  감사합니다,5,5
185,ㄷ,5,5
186,깔끔하고 맛있었어요,5,5
187,치킨 잘 먹었습니다,5,5
188,맛있게 잘 먹었습니다 ㅎㅎㅎㅎㅎㅎ,5,5
189,잘먹었습니다맛있구 양많고 최고네요,5,5
190,잘 먹었습니다 독산시흥점이 먹어본 비비큐 중에 제일 맛 있어요,5,5
191,잘먹었는데 닭크기가 너무 컸어요 ㅠ 조그맣게 자르면좋을거같아요,5,5
192,배달도 빠르고 너무 맛있게 먹었어요,5,5
193,바싹한 황금 올리브 치킨은 언제 먹어도 맛있어요,5,5
194,맛잇어요 아이가 좋아해요,5,5
195,식후감 맛있게 잘 먹었습니다,5,5
196,조금 짜긴 했지만 잘 먹었습니다,5,5
197,항상 제일 바삭하고 양도 많아요핫후라이드는 조각이 작아서 먹기도 좋죠,5,5
198,양념이 충분히 묻어있어서 맛있게 먹었어요,5,5
199,겉바속촉의 진정한 치킨을 맛본것같아 너무 감사합니다 잘 먹었습니다,5,5
200,잘먹었습니다 ,5,5
201,황금올리브 속안심텐더  바삭하고 맛있어요,5,5
202,역시 치킨은 비비큐죠 바삭하고 기름도 깨끗하고 넘 맛있어요 직원분들도 넘 친절하시고 대박나세요,5,5
203,첨으로 포장햇는데 배달보다 낫네요 뜨끈 뜨끈닭도 크고이벤트 가격으로 저렴하게 먹었음에도 닭이 큼직큼직식사중에 방문했는데 저 들어가니까 바로 마스크 착용해주시는 것도 너무 좋았어요믿고 먹으셔도 될 것 같네요 ㅎㅅㅎ,5,5
204,너무너무 맛있는 치킨입니다또 먹고싶다 ㅠㅠ,5,5
205,맛나요맛나요맛나요 ㅎㅎ 맛나요맛나요맛나요,5,5
206,맛있었어요 후라이드가 맛있어요,5,5
207,이거 예술이네요 일단 드셔보시면 알아요직접 가서 먹으려고여 화이팅,5,5
208,잘 먹었습니다 독산시흥점이 먹어본 비비큐 중에 제일 맛 있어요,5,5
209,맛있게  잘 먹었습니다,5,5
210,매콤하니 너무 맛있었어요,5,5
211,맛  개취마다 다르겠지만 제마음속위 치킨양  닭다리가 크면크고 작으면 작아야지       큰다리작은다리섞여있어서 고개를 갸우뚱했네요배달  완전빠름 배달하시는분이 엄청친절하셨음          배달기사님 다음에 또 오셨으면 좋겠음,5,5
212,ㅏㅅ있러요 잘먹었네요,5,5
213,마시따마시따마시따마시따,5,5
214,맛있어여 믿고먹는,5,5
215,맛있어요 ㅎ ㅎ ㅎ ㅎ ㅎ,5,5
216, 맛있어요,5,5
217,최고 입니다 맛있습니다,5,5
218,맛나게 잘 먹었습니다,5,5
219,배달료가 안착하지만ㅠ맛잇으니 별다섯개ㅎ,5,5
220,양도많고 넘맛있어요,5,5
221,배달도 빨리 왔고 뜨끈하게 너무 맛있게 먹었습니당,5,5
222,배달빠르고 맛있어요,5,5
223,너무너무 맛잇어요 ㅎㅎ,5,5
224,프라이드는 비비큐가 최고,5,5
225,맛있어요 조금짜긴하지만,5,5
226,신메뉴라서 시켜 봤는데 넘 맛있네용,5,5
227,느므 맛있어요 ㅋ ㅋ ㅋ,5,5
228,역쉬 요기가 젤로 맛나는거 같아요다른지점 하고 맛이 달라요 ㅎㅎ,5,5
229,다른 체인점에 비해 더 맛있네요 치킨도 잘 튀겨서 넘 맛있게 먹었어요순식간에 먹어 사진을 못 찍었네요,5,5
230,황금올리브는 진리에요,5,5
231,진짜 맛있게 먹었습니다,5,5
232,맛있게 먹었습니다,5,5
233,배달빠르고 푸짐맛있어요,5,5
234,금천구 비비큐는 여기,5,5
235,옛날에 먹었던 양념치킨이 먹고 싶어서 주문했는데 옛날맛 그대로네요 맛있게 잘 먹었습니다,5,5
236,양도많고 너무 맛있어요,5,5
237,늘시켜먹는늘맛좋인요,5,5
238,짱 맛잇어요 ㅎ ㅎ ㅎ,5,5
239,짱 맛잇어요 ㅋ ㅋ ㅋ,5,5
240,비비큐맛집 많이파세요,5,5
241,다른 브랜드  치킨보다  맛이 훨씬  탁월헤 맜있다,5,5
242,맛있고 배달도 옴청 빨랏어용,5,5
243,식후감 맛있게 잘 먹었습니다,5,5
244,바삭 바삭 맛있어요,5,5
245,행복해지는맛 정말 맛나영 긍데 전부 부드러운 부위면 좋겠는데 아니라서 아쉬워요,5,5
246,조각 요청사항은 안되네요,5,5
247,굿,5,5
248,최고에요 맛있게 잘 먹었어요,5,5
249,배달도 빠르고 맛있어요 후라이드가 바삭하네요,5,5
250,역시 비비큐할인되서 두마리시켜서 저녁해결중예요역시 파삭파삭 맛있어요양념도 안매워서 애들 먹기 좋구요,5,5
251,맛있ㅇ어요 ㅋㅋㅋㅋㅋ캐,5,5
252,맛있었어요맛있었어요,5,5
253,바삭바삭 잘 먹었어요,5,5
254,맛있게 잘 먹었습니다,5,5
255,맛있게 잘먹었습니다,5,5
256,맛있게 먹었어요 다 좋은데 배달하시는 분이 친절하진 않아도 너무 쌀쌀 맞진 않으셨으면 좋겠어요,5,5
257,맛있게 잘 먹었어요,5,5
258,맛있게 잘 먹었슴니다 기름냄새도 안나고 좋네요 염지가 조금 매운데 이건 비비큐 특유의 맛이라 ㅎㅎ,5,5
259,그냥 먹을만 했습니다,5,5
260,너무 맛있어서 그만 사진 남기는걸 잊었네요시간맞춰서 준비돼서 좋아요,5,5
261,오 맛나요 체고임돠,5,5
262,식지 않고 뜨겁게 맛있게 잘 먹었어요 굳굳,5,5
263,잘먹었습니당,5,5
264,맛있어요 원래 비비큐 넘 퍽퍽해서 안시키는데 여긴 되게 부드럽고 좋았어요  친절하시고 좋아요,5,5
265,배달 빠르고뜨끄은 뜨끄은치킨 웜청 푸짐해서 놀랐어욤보드랍게 잘 튀겨진 치킨넘맛나게 잘 먹었습니다,5,5
266,오우쉣 너무 맛있어요 배송도 빠르고 다먹기 전까지 따뜻하게 먹은척 오랜만이네요,5,5
267,배달빠르고 맛있어요,5,5
268,튀김이 노랑노랑하게 잘 튀겨왔습니다 맛은 당연히 맛있구요 앞으로도 계속 여기치킨 시킬겁니다,5,5
269,치킨은 역시나    독산시흥본점정말 맛있어요감사합니다,5,5
270,완전 맛있어요얼마나 맛있게얼마나 빠르게가져다 주셨는지정말 뜨끈뜨끈해서 손 데이는줄 알았어요감사합니다,5,5
271,맛나요맛나요맛나요 ㅎㅎ 맛나요맛나요맛나요,5,5
272,맛있게 잘 먹었어요 배달도 빨라요,5,5
273,분 내로 배달됐어요뜨겁고 바삭하고너무 맛있었어요,5,5
274,맛나요맛나요맛나요 ㅎㅎ,5,5
275,아주 맛있게 먹었습니다 고객 응대도 너무 친절하십니다,5,5
276,항상 양이 아쉽네요,5,5
277,늘 먹는 치킨말안해도 아시죠 당연 맛나요,5,5
278,요기요 이벤트로 포장 주문했습니다 역시 답게 맛있었습니다 ㅎㅎ,5,5
279,맛있게 잘먹었습니다,5,5
280,근래 먹었던 양념치킨 중에 제일 맛있었어요 후라이드는 맛이 약간 아쉬웠지만 전체적으로 닭고기가 싱싱한 닭고기 같아요 자주 시켜먹을 것 같습니다,5,5
281,역시 맛있네요 할인해서 잘 먹었습니다,5,5
282,맛나요 늘 먹는 곳이에요,5,5
283,치킨 속살 부드럽고 맛있어요,5,5
284,비비큐 독산시흥본점 믿고 먹어요친절하셔서 자주 이용합니다,5,5
285,맛잇어요 역시 황올,5,5
286,맛있게 먹었어요,5,5
287,맛있고 배달 빠릅니다,5,5
288,잘먹었어요직원분도 친절 하시네요,5,5
289,맛있게 잘 먹었습니다,5,5
290,맛있게 잘먹엇습니다,5,5
291,식후감 맛있게 잘 먹었습니다 번창하세요,5,5
292,포장주문했는데 사장님도 친절하시고 맛있었어요,5,5
293,맛잇게잘먹엇습미다 헤헤,5,5
294,맛있습니다 감사합니다,5,5
295,크기도 큼직큼직하고엄청 맛있네요,5,5
296,바삭하고 너무 맛있어요 좋아요또주문할께요,5,5
297,잘먹었어요잘먹었어요,5,5
298,너무 파삭하고 맛있다능,5,5
299,항상 맛나게 먹고있습니다,5,5
300,비비큐 양념맛 너무 좋아합니당황금알치즈볼은 좀 작아진 것 같아서 아쉽지만 맛있었어요,5,5
301,정말 맛있게 잘먹었어요배달도 빠르구요 또 시켜먹을게요,5,5
302,잘 먹었습니다,5,5
303,넘나 마순있는 것ㅎ,5,5
304,잘 먹었습니다 감사합니다,5,5
305,잘 먹었습니다 감사합니다,5,5
306,잘 먹었습니다 감사합니다,5,5
307,잘 먹었습니다 감사합니다,5,5
308,맛있게 잘 먹었습니다,5,5
309,너무 맛있게 잘 먹었습니다맛있었고 배달도 괜찮았고 바삭 해서 너무 좋았어요,5,5
310,이번에도 너무 맛있게 먹었어요,5,5
311,진짜맛있어영 ㅎㅎㅎㅎ 꺄아,5,5
312,맛있게 잘 먹었습니다,5,5
